outcome,tool_name,count
fail,facilities_lookup_for_uganda_api,102
fail,facilities_lookup_for_egypt_api,91
fail,realtorpropertylist_for_realtor_data_api_for_real_estate,74
fail,getlistings_for_florida_realty_api,72
success,facilities_lookup_for_uganda_api,71
success,realtorpropertylist_for_realtor_api_for_real_estate_data,61
success,facilities_lookup_for_egypt_api,57
fail,ecoweather_for_ecoweather,53
success,realtorpropertylist_for_realtor_data_api_for_real_estate,41
success,check_movie_status_for_magisto,40
success,entnahme_for_regionalkonzept_strom_herkunft,39
success,marks_women_points_for_scoring_tables_api,38
success,get_products_in_category_for_onboarding_project,37
fail,realtorpropertylist_for_realtor_api_for_real_estate_data,34
success,station_information_for_bart,32
fail,languages_for_spellout,32
fail,media_sources_statistics_for_public_url_share,28
fail,cities_for_flixbus,26
fail,search_twitter_for_twitter_v5,24
success,get_categories_for_asdfadsf,24
success,getlistings_for_florida_realty_api,24
fail,airplanes_ordered_by_descending_for_airplanesdb,23
fail,all_for_getguidelines,22
fail,sources_by_region_for_energy_price_news,21
success,get_available_job_titles_for_generate_linkedin_leads,21
fail,getcities_for_florida_realty_api,20
success,airplanes_ordered_by_descending_for_airplanesdb,18
fail,all_airplanes_for_airplanesdb,16
fail,hashtag_data_by_name_for_tiktok_solutions,16
fail,get_products_in_category_for_onboarding_project,16
success,is_whatsapp_for_business_for_whatsapp_scraper,16
fail,get_categories_for_asdfadsf,15
fail,users_for_reqres_dont_change,15
fail,menudetails_for_viva_city_documentation,15
fail,search_author_for_open_library,14
success,menudetails_for_viva_city_documentation,13
success,price_probability_for_marketci_analytics,13
success,ecoweather_for_ecoweather,13
fail,get_available_job_titles_for_generate_linkedin_leads,12
fail,stations_for_flixbus,12
success,languages_for_spellout,12
fail,list_of_regions_for_energy_price_news,12
fail,marks_women_points_for_scoring_tables_api,12
fail,station_information_for_bart,11
fail,user_by_id_for_reqres_dont_change,11
success,user_by_id_for_reqres_dont_change,11
fail,autocomplete_for_twitter_v5,10
success,popularsitesforquery_for_keyword_analysis,9
success,getfileversions_for_aspose_cells_cloud,9
fail,price_probability_for_marketci_analytics,8
fail,venuedetails_for_viva_city_documentation,8
success,hashtag_data_by_name_for_tiktok_solutions,8
success,sources_by_region_for_energy_price_news,8
success,getcities_for_florida_realty_api,8
fail,search_title_for_open_library,7
success,media_sources_statistics_for_public_url_share,7
fail,vac_for_getguidelines,7
fail,getfileversions_for_aspose_cells_cloud,7
success,cities_for_flixbus,7
success,querykeywords_for_keyword_analysis,6
success,real_time_information_for_bart,6
success,route_information_for_bart,6
fail,get_categories_for_onboarding_project,6
success,all_for_getguidelines,6
success,download_pass_for_passbook,6
fail,check_movie_status_for_magisto,6
fail,geocode_for_uganda_api,6
fail,objectexists_for_aspose_cells_cloud,6
fail,top_50_startups_news_from_the_last_month_for_public_url_share,5
fail,is_registered_on_whatsapp_for_whatsapp_scraper,5
success,venuedetails_for_viva_city_documentation,5
success,similarqueries_for_keyword_analysis,5
success,all_airplanes_for_airplanesdb,5
success,users_for_reqres_dont_change,5
fail,get_available_companies_for_generate_linkedin_leads,5
success,search_trips_for_flixbus,5
success,search_title_for_open_library,5
success,realtoragentlist_for_realtor_api_for_real_estate_data,4
fail,real_time_information_for_bart,4
success,search_author_for_open_library,4
success,get_categories_for_onboarding_project,4
fail,get_available_locations_for_generate_linkedin_leads,3
fail,is_whatsapp_for_business_for_whatsapp_scraper,3
success,list_passes_for_passbook,3
fail,list_passes_for_passbook,3
success,objectexists_for_aspose_cells_cloud,3
success,hashtag_feed_by_name_for_tiktok_solutions,3
fail,peer_ratio_averages_for_marketci_analytics,3
fail,list_of_sources_for_energy_price_news,3
fail,download_pass_for_passbook,3
fail,is_registered_on_whatsapp_get_free_token_for_whatsapp_scraper,2
success,vac_for_getguidelines,2
fail,view_item_for_catalogapi,2
success,get_available_locations_for_generate_linkedin_leads,2
success,is_registered_on_whatsapp_get_free_token_for_whatsapp_scraper,2
success,is_registered_on_whatsapp_for_whatsapp_scraper,2
success,rulesets_for_spellout,2
success,list_of_regions_for_energy_price_news,2
success,schedule_information_for_bart,2
success,marks_women_for_scoring_tables_api,2
fail,rulesets_for_spellout,2
success,list_of_sources_for_energy_price_news,2
fail,popularsitesforquery_for_keyword_analysis,2
success,stations_for_flixbus,2
fail,route_information_for_bart,2
fail,articles_by_single_source_for_energy_price_news,2
success,get_available_companies_for_generate_linkedin_leads,1
success,geocode_for_egypt_api,1
success,fetch_profile_picture_for_whatsapp_scraper,1
success,autocomplete_for_twitter_v5,1
fail,getimage_for_florida_realty_api,1
fail,similarqueries_for_keyword_analysis,1
success,get_products_in_category_for_asdfadsf,1
fail,storageexists_for_aspose_cells_cloud,1
success,peer_ratio_averages_for_marketci_analytics,1
fail,search_trips_for_flixbus,1
fail,get_products_in_category_for_asdfadsf,1
success,peer_metrics_average_for_marketci_analytics,1
fail,geocode_for_egypt_api,1
fail,all_articles_for_energy_price_news,1
