benchmark,topology,task_id,run,outcome,vote_options,vote_total,entropy_bits,normalized_entropy,max_vote_share,single_option
browsecomp,fully_linked_debate,769,run_0,fail,1,4,-0.0,0.0,1.0,1
browsecomp,fully_linked_debate,769,run_1,fail,1,1,-0.0,0.0,1.0,1
browsecomp,fully_linked_debate,769,run_2,fail,1,1,-0.0,0.0,1.0,1
browsecomp,fully_linked_debate,770,run_0,fail,1,2,-0.0,0.0,1.0,1
browsecomp,fully_linked_debate,770,run_1,fail,1,1,-0.0,0.0,1.0,1
browsecomp,fully_linked_debate,770,run_2,fail,1,4,-0.0,0.0,1.0,1
browsecomp,fully_linked_debate,771,run_0,fail,1,2,-0.0,0.0,1.0,1
browsecomp,fully_linked_debate,771,run_1,fail,2,2,1.0,1.0,0.5,0
browsecomp,fully_linked_debate,771,run_2,fail,2,4,0.8112781244591328,0.8112781244591328,0.75,0
browsecomp,fully_linked_debate,772,run_0,fail,1,1,-0.0,0.0,1.0,1
browsecomp,fully_linked_debate,772,run_1,fail,3,3,1.584962500721156,0.9999999999999999,0.3333333333333333,0
browsecomp,fully_linked_debate,772,run_2,fail,2,4,0.8112781244591328,0.8112781244591328,0.75,0
browsecomp,fully_linked_debate,773,run_0,fail,2,2,1.0,1.0,0.5,0
browsecomp,fully_linked_debate,773,run_1,fail,1,3,-0.0,0.0,1.0,1
browsecomp,fully_linked_debate,773,run_2,fail,2,4,0.8112781244591328,0.8112781244591328,0.75,0
browsecomp,fully_linked_debate,774,run_0,fail,1,3,-0.0,0.0,1.0,1
browsecomp,fully_linked_debate,774,run_1,fail,2,3,0.9182958340544896,0.9182958340544896,0.6666666666666666,0
browsecomp,fully_linked_debate,774,run_2,fail,1,3,-0.0,0.0,1.0,1
browsecomp,fully_linked_debate,775,run_0,fail,2,3,0.9182958340544896,0.9182958340544896,0.6666666666666666,0
browsecomp,fully_linked_debate,775,run_1,fail,1,3,-0.0,0.0,1.0,1
browsecomp,fully_linked_debate,775,run_2,fail,1,4,-0.0,0.0,1.0,1
browsecomp,fully_linked_debate,776,run_0,fail,1,3,-0.0,0.0,1.0,1
browsecomp,fully_linked_debate,776,run_1,fail,2,3,0.9182958340544896,0.9182958340544896,0.6666666666666666,0
browsecomp,fully_linked_debate,776,run_2,fail,1,1,-0.0,0.0,1.0,1
browsecomp,fully_linked_debate,778,run_0,fail,1,3,-0.0,0.0,1.0,1
browsecomp,fully_linked_debate,778,run_1,fail,1,1,-0.0,0.0,1.0,1
browsecomp,fully_linked_debate,778,run_2,fail,2,3,0.9182958340544896,0.9182958340544896,0.6666666666666666,0
browsecomp,fully_linked_debate,781,run_0,fail,1,3,-0.0,0.0,1.0,1
browsecomp,fully_linked_debate,781,run_1,fail,1,1,-0.0,0.0,1.0,1
browsecomp,fully_linked_debate,781,run_2,fail,1,3,-0.0,0.0,1.0,1
browsecomp,fully_linked_debate,783,run_1,fail,2,4,0.8112781244591328,0.8112781244591328,0.75,0
browsecomp,fully_linked_debate,783,run_2,fail,1,3,-0.0,0.0,1.0,1
browsecomp,fully_linked_debate,784,run_0,fail,4,4,2.0,1.0,0.25,0
browsecomp,fully_linked_debate,784,run_1,fail,1,2,-0.0,0.0,1.0,1
browsecomp,fully_linked_debate,784,run_2,fail,1,3,-0.0,0.0,1.0,1
browsecomp,fully_linked_debate,785,run_0,success,1,4,-0.0,0.0,1.0,1
browsecomp,fully_linked_debate,785,run_1,success,1,3,-0.0,0.0,1.0,1
browsecomp,fully_linked_debate,785,run_2,success,2,3,0.9182958340544896,0.9182958340544896,0.6666666666666666,0
browsecomp,fully_linked_debate,786,run_0,fail,2,3,0.9182958340544896,0.9182958340544896,0.6666666666666666,0
browsecomp,fully_linked_debate,786,run_1,fail,2,2,1.0,1.0,0.5,0
browsecomp,fully_linked_debate,786,run_2,fail,1,3,-0.0,0.0,1.0,1
browsecomp,fully_linked_debate,787,run_0,fail,1,3,-0.0,0.0,1.0,1
browsecomp,fully_linked_debate,787,run_1,fail,1,3,-0.0,0.0,1.0,1
browsecomp,fully_linked_debate,787,run_2,fail,1,2,-0.0,0.0,1.0,1
browsecomp,fully_linked_debate,788,run_0,fail,1,3,-0.0,0.0,1.0,1
browsecomp,fully_linked_debate,788,run_1,fail,1,1,-0.0,0.0,1.0,1
browsecomp,fully_linked_debate,788,run_2,fail,4,4,2.0,1.0,0.25,0
browsecomp,fully_linked_debate,790,run_0,fail,2,4,0.8112781244591328,0.8112781244591328,0.75,0
browsecomp,fully_linked_debate,790,run_1,fail,1,3,-0.0,0.0,1.0,1
browsecomp,fully_linked_debate,790,run_2,fail,1,3,-0.0,0.0,1.0,1
browsecomp,fully_linked_debate,791,run_0,fail,1,1,-0.0,0.0,1.0,1
browsecomp,fully_linked_debate,791,run_1,fail,1,3,-0.0,0.0,1.0,1
browsecomp,fully_linked_debate,791,run_2,fail,1,3,-0.0,0.0,1.0,1
browsecomp,fully_linked_debate,792,run_0,fail,2,3,0.9182958340544896,0.9182958340544896,0.6666666666666666,0
browsecomp,fully_linked_debate,792,run_1,fail,1,4,-0.0,0.0,1.0,1
browsecomp,fully_linked_debate,792,run_2,fail,1,3,-0.0,0.0,1.0,1
browsecomp,fully_linked_debate,793,run_0,fail,1,4,-0.0,0.0,1.0,1
browsecomp,fully_linked_debate,793,run_1,fail,2,3,0.9182958340544896,0.9182958340544896,0.6666666666666666,0
browsecomp,fully_linked_debate,793,run_2,fail,1,3,-0.0,0.0,1.0,1
browsecomp,fully_linked_debate,794,run_0,fail,2,3,0.9182958340544896,0.9182958340544896,0.6666666666666666,0
browsecomp,fully_linked_debate,794,run_1,fail,1,2,-0.0,0.0,1.0,1
browsecomp,fully_linked_debate,794,run_2,fail,1,2,-0.0,0.0,1.0,1
browsecomp,fully_linked_debate,796,run_0,fail,1,1,-0.0,0.0,1.0,1
browsecomp,fully_linked_debate,796,run_1,fail,1,4,-0.0,0.0,1.0,1
browsecomp,fully_linked_debate,796,run_2,fail,1,3,-0.0,0.0,1.0,1
browsecomp,fully_linked_debate,797,run_0,fail,1,3,-0.0,0.0,1.0,1
browsecomp,fully_linked_debate,797,run_1,fail,1,3,-0.0,0.0,1.0,1
browsecomp,fully_linked_debate,797,run_2,fail,1,1,-0.0,0.0,1.0,1
browsecomp,fully_linked_debate,798,run_0,fail,1,2,-0.0,0.0,1.0,1
browsecomp,fully_linked_debate,798,run_1,fail,1,1,-0.0,0.0,1.0,1
browsecomp,fully_linked_debate,798,run_2,fail,1,1,-0.0,0.0,1.0,1
browsecomp,fully_linked_debate,800,run_0,fail,1,4,-0.0,0.0,1.0,1
browsecomp,fully_linked_debate,800,run_1,fail,2,3,0.9182958340544896,0.9182958340544896,0.6666666666666666,0
browsecomp,fully_linked_debate,800,run_2,fail,1,2,-0.0,0.0,1.0,1
browsecomp,fully_linked_debate,801,run_0,fail,1,3,-0.0,0.0,1.0,1
browsecomp,fully_linked_debate,801,run_1,fail,1,1,-0.0,0.0,1.0,1
browsecomp,fully_linked_debate,801,run_2,fail,1,1,-0.0,0.0,1.0,1
browsecomp,fully_linked_debate,802,run_0,fail,1,1,-0.0,0.0,1.0,1
browsecomp,fully_linked_debate,802,run_1,fail,1,1,-0.0,0.0,1.0,1
browsecomp,fully_linked_debate,802,run_2,fail,1,1,-0.0,0.0,1.0,1
browsecomp,fully_linked_debate,804,run_0,fail,1,2,-0.0,0.0,1.0,1
browsecomp,fully_linked_debate,804,run_1,fail,2,2,1.0,1.0,0.5,0
browsecomp,fully_linked_debate,804,run_2,fail,1,2,-0.0,0.0,1.0,1
browsecomp,fully_linked_debate,805,run_0,fail,1,1,-0.0,0.0,1.0,1
browsecomp,fully_linked_debate,805,run_1,fail,1,2,-0.0,0.0,1.0,1
browsecomp,fully_linked_debate,805,run_2,fail,2,3,0.9182958340544896,0.9182958340544896,0.6666666666666666,0
browsecomp,fully_linked_debate,806,run_0,fail,2,2,1.0,1.0,0.5,0
browsecomp,fully_linked_debate,806,run_1,fail,1,3,-0.0,0.0,1.0,1
browsecomp,fully_linked_debate,806,run_2,fail,1,3,-0.0,0.0,1.0,1
browsecomp,group_chat_debate,769,run_1,fail,1,1,-0.0,0.0,1.0,1
browsecomp,group_chat_debate,769,run_2,fail,1,2,-0.0,0.0,1.0,1
browsecomp,group_chat_debate,770,run_0,fail,1,2,-0.0,0.0,1.0,1
browsecomp,group_chat_debate,770,run_1,fail,1,2,-0.0,0.0,1.0,1
browsecomp,group_chat_debate,771,run_0,fail,1,2,-0.0,0.0,1.0,1
browsecomp,group_chat_debate,771,run_1,fail,1,2,-0.0,0.0,1.0,1
browsecomp,group_chat_debate,771,run_2,fail,1,1,-0.0,0.0,1.0,1
browsecomp,group_chat_debate,772,run_0,fail,1,2,-0.0,0.0,1.0,1
browsecomp,group_chat_debate,772,run_1,fail,1,1,-0.0,0.0,1.0,1
browsecomp,group_chat_debate,772,run_2,fail,1,2,-0.0,0.0,1.0,1
browsecomp,group_chat_debate,773,run_0,fail,1,2,-0.0,0.0,1.0,1
browsecomp,group_chat_debate,773,run_1,fail,1,2,-0.0,0.0,1.0,1
browsecomp,group_chat_debate,773,run_2,fail,1,2,-0.0,0.0,1.0,1
browsecomp,group_chat_debate,774,run_1,fail,1,2,-0.0,0.0,1.0,1
browsecomp,group_chat_debate,774,run_2,fail,1,2,-0.0,0.0,1.0,1
browsecomp,group_chat_debate,775,run_0,fail,1,2,-0.0,0.0,1.0,1
browsecomp,group_chat_debate,775,run_1,fail,1,1,-0.0,0.0,1.0,1
browsecomp,group_chat_debate,775,run_2,fail,1,1,-0.0,0.0,1.0,1
browsecomp,group_chat_debate,776,run_0,fail,1,2,-0.0,0.0,1.0,1
browsecomp,group_chat_debate,776,run_1,fail,2,2,1.0,1.0,0.5,0
browsecomp,group_chat_debate,776,run_2,fail,1,1,-0.0,0.0,1.0,1
browsecomp,group_chat_debate,778,run_0,fail,1,2,-0.0,0.0,1.0,1
browsecomp,group_chat_debate,778,run_1,fail,1,2,-0.0,0.0,1.0,1
browsecomp,group_chat_debate,778,run_2,fail,1,2,-0.0,0.0,1.0,1
browsecomp,group_chat_debate,781,run_0,fail,1,2,-0.0,0.0,1.0,1
browsecomp,group_chat_debate,781,run_1,fail,1,1,-0.0,0.0,1.0,1
browsecomp,group_chat_debate,783,run_0,fail,2,2,1.0,1.0,0.5,0
browsecomp,group_chat_debate,783,run_1,fail,1,1,-0.0,0.0,1.0,1
browsecomp,group_chat_debate,783,run_2,fail,1,2,-0.0,0.0,1.0,1
browsecomp,group_chat_debate,784,run_0,fail,1,2,-0.0,0.0,1.0,1
browsecomp,group_chat_debate,784,run_1,fail,1,1,-0.0,0.0,1.0,1
browsecomp,group_chat_debate,784,run_2,fail,2,2,1.0,1.0,0.5,0
browsecomp,group_chat_debate,785,run_0,success,1,1,-0.0,0.0,1.0,1
browsecomp,group_chat_debate,785,run_1,success,1,2,-0.0,0.0,1.0,1
browsecomp,group_chat_debate,785,run_2,success,1,2,-0.0,0.0,1.0,1
browsecomp,group_chat_debate,786,run_1,fail,1,1,-0.0,0.0,1.0,1
browsecomp,group_chat_debate,787,run_0,fail,1,2,-0.0,0.0,1.0,1
browsecomp,group_chat_debate,787,run_1,fail,1,2,-0.0,0.0,1.0,1
browsecomp,group_chat_debate,787,run_2,fail,1,2,-0.0,0.0,1.0,1
browsecomp,group_chat_debate,788,run_0,fail,1,2,-0.0,0.0,1.0,1
browsecomp,group_chat_debate,788,run_1,fail,1,2,-0.0,0.0,1.0,1
browsecomp,group_chat_debate,788,run_2,fail,2,2,1.0,1.0,0.5,0
browsecomp,group_chat_debate,790,run_0,fail,1,1,-0.0,0.0,1.0,1
browsecomp,group_chat_debate,790,run_1,fail,1,2,-0.0,0.0,1.0,1
browsecomp,group_chat_debate,790,run_2,fail,1,1,-0.0,0.0,1.0,1
browsecomp,group_chat_debate,791,run_0,fail,1,2,-0.0,0.0,1.0,1
browsecomp,group_chat_debate,791,run_1,fail,1,2,-0.0,0.0,1.0,1
browsecomp,group_chat_debate,792,run_1,fail,1,1,-0.0,0.0,1.0,1
browsecomp,group_chat_debate,792,run_2,fail,1,1,-0.0,0.0,1.0,1
browsecomp,group_chat_debate,793,run_0,fail,2,2,1.0,1.0,0.5,0
browsecomp,group_chat_debate,793,run_1,fail,2,2,1.0,1.0,0.5,0
browsecomp,group_chat_debate,793,run_2,fail,1,2,-0.0,0.0,1.0,1
browsecomp,group_chat_debate,794,run_0,fail,1,1,-0.0,0.0,1.0,1
browsecomp,group_chat_debate,794,run_1,fail,2,2,1.0,1.0,0.5,0
browsecomp,group_chat_debate,794,run_2,fail,1,2,-0.0,0.0,1.0,1
browsecomp,group_chat_debate,796,run_0,fail,1,2,-0.0,0.0,1.0,1
browsecomp,group_chat_debate,796,run_1,fail,1,2,-0.0,0.0,1.0,1
browsecomp,group_chat_debate,796,run_2,fail,1,2,-0.0,0.0,1.0,1
browsecomp,group_chat_debate,797,run_0,fail,1,1,-0.0,0.0,1.0,1
browsecomp,group_chat_debate,797,run_1,fail,1,1,-0.0,0.0,1.0,1
browsecomp,group_chat_debate,797,run_2,fail,2,2,1.0,1.0,0.5,0
browsecomp,group_chat_debate,798,run_0,fail,1,1,-0.0,0.0,1.0,1
browsecomp,group_chat_debate,798,run_2,fail,1,1,-0.0,0.0,1.0,1
browsecomp,group_chat_debate,800,run_0,fail,1,2,-0.0,0.0,1.0,1
browsecomp,group_chat_debate,800,run_1,fail,1,2,-0.0,0.0,1.0,1
browsecomp,group_chat_debate,800,run_2,fail,1,1,-0.0,0.0,1.0,1
browsecomp,group_chat_debate,801,run_0,fail,1,1,-0.0,0.0,1.0,1
browsecomp,group_chat_debate,801,run_1,fail,1,2,-0.0,0.0,1.0,1
browsecomp,group_chat_debate,802,run_0,fail,1,1,-0.0,0.0,1.0,1
browsecomp,group_chat_debate,802,run_2,fail,1,1,-0.0,0.0,1.0,1
browsecomp,group_chat_debate,804,run_0,fail,1,2,-0.0,0.0,1.0,1
browsecomp,group_chat_debate,804,run_1,fail,1,2,-0.0,0.0,1.0,1
browsecomp,group_chat_debate,804,run_2,fail,1,1,-0.0,0.0,1.0,1
browsecomp,group_chat_debate,805,run_0,fail,1,2,-0.0,0.0,1.0,1
browsecomp,group_chat_debate,805,run_1,fail,1,2,-0.0,0.0,1.0,1
browsecomp,group_chat_debate,806,run_0,fail,1,2,-0.0,0.0,1.0,1
browsecomp,group_chat_debate,806,run_1,fail,1,1,-0.0,0.0,1.0,1
browsecomp,group_chat_debate,806,run_2,fail,1,2,-0.0,0.0,1.0,1
browsecomp,only_voting,769,run_0,fail,1,3,-0.0,0.0,1.0,1
browsecomp,only_voting,770,run_0,fail,1,1,-0.0,0.0,1.0,1
browsecomp,only_voting,770,run_1,fail,1,3,-0.0,0.0,1.0,1
browsecomp,only_voting,770,run_2,fail,1,1,-0.0,0.0,1.0,1
browsecomp,only_voting,771,run_0,fail,1,1,-0.0,0.0,1.0,1
browsecomp,only_voting,771,run_1,fail,2,3,0.9182958340544896,0.9182958340544896,0.6666666666666666,0
browsecomp,only_voting,771,run_2,fail,1,1,-0.0,0.0,1.0,1
browsecomp,only_voting,772,run_0,fail,2,3,0.9182958340544896,0.9182958340544896,0.6666666666666666,0
browsecomp,only_voting,772,run_1,fail,1,3,-0.0,0.0,1.0,1
browsecomp,only_voting,772,run_2,fail,1,1,-0.0,0.0,1.0,1
browsecomp,only_voting,773,run_0,fail,2,2,1.0,1.0,0.5,0
browsecomp,only_voting,773,run_1,fail,1,1,-0.0,0.0,1.0,1
browsecomp,only_voting,773,run_2,fail,1,2,-0.0,0.0,1.0,1
browsecomp,only_voting,774,run_0,fail,2,2,1.0,1.0,0.5,0
browsecomp,only_voting,774,run_1,fail,1,2,-0.0,0.0,1.0,1
browsecomp,only_voting,774,run_2,fail,2,2,1.0,1.0,0.5,0
browsecomp,only_voting,775,run_0,fail,3,3,1.584962500721156,0.9999999999999999,0.3333333333333333,0
browsecomp,only_voting,775,run_1,fail,2,3,0.9182958340544896,0.9182958340544896,0.6666666666666666,0
browsecomp,only_voting,775,run_2,success,1,3,-0.0,0.0,1.0,1
browsecomp,only_voting,776,run_0,fail,2,2,1.0,1.0,0.5,0
browsecomp,only_voting,776,run_1,fail,1,1,-0.0,0.0,1.0,1
browsecomp,only_voting,776,run_2,fail,1,3,-0.0,0.0,1.0,1
browsecomp,only_voting,778,run_0,fail,2,3,0.9182958340544896,0.9182958340544896,0.6666666666666666,0
browsecomp,only_voting,778,run_1,fail,2,2,1.0,1.0,0.5,0
browsecomp,only_voting,778,run_2,fail,2,3,0.9182958340544896,0.9182958340544896,0.6666666666666666,0
browsecomp,only_voting,781,run_0,fail,1,2,-0.0,0.0,1.0,1
browsecomp,only_voting,781,run_1,fail,1,4,-0.0,0.0,1.0,1
browsecomp,only_voting,781,run_2,fail,1,1,-0.0,0.0,1.0,1
browsecomp,only_voting,783,run_0,success,1,1,-0.0,0.0,1.0,1
browsecomp,only_voting,783,run_1,success,2,4,0.8112781244591328,0.8112781244591328,0.75,0
browsecomp,only_voting,783,run_2,success,2,3,0.9182958340544896,0.9182958340544896,0.6666666666666666,0
browsecomp,only_voting,784,run_0,fail,1,3,-0.0,0.0,1.0,1
browsecomp,only_voting,784,run_1,fail,1,3,-0.0,0.0,1.0,1
browsecomp,only_voting,784,run_2,fail,1,1,-0.0,0.0,1.0,1
browsecomp,only_voting,785,run_0,success,1,2,-0.0,0.0,1.0,1
browsecomp,only_voting,785,run_1,success,1,3,-0.0,0.0,1.0,1
browsecomp,only_voting,785,run_2,success,1,3,-0.0,0.0,1.0,1
browsecomp,only_voting,786,run_0,fail,1,2,-0.0,0.0,1.0,1
browsecomp,only_voting,786,run_1,success,2,3,0.9182958340544896,0.9182958340544896,0.6666666666666666,0
browsecomp,only_voting,786,run_2,fail,2,3,0.9182958340544896,0.9182958340544896,0.6666666666666666,0
browsecomp,only_voting,787,run_0,fail,1,2,-0.0,0.0,1.0,1
browsecomp,only_voting,787,run_1,fail,2,2,1.0,1.0,0.5,0
browsecomp,only_voting,787,run_2,fail,1,2,-0.0,0.0,1.0,1
browsecomp,only_voting,788,run_0,fail,1,1,-0.0,0.0,1.0,1
browsecomp,only_voting,788,run_1,fail,1,3,-0.0,0.0,1.0,1
browsecomp,only_voting,788,run_2,fail,2,3,0.9182958340544896,0.9182958340544896,0.6666666666666666,0
browsecomp,only_voting,790,run_0,fail,1,1,-0.0,0.0,1.0,1
browsecomp,only_voting,790,run_1,success,1,1,-0.0,0.0,1.0,1
browsecomp,only_voting,790,run_2,success,2,3,0.9182958340544896,0.9182958340544896,0.6666666666666666,0
browsecomp,only_voting,791,run_0,fail,1,2,-0.0,0.0,1.0,1
browsecomp,only_voting,791,run_1,fail,2,2,1.0,1.0,0.5,0
browsecomp,only_voting,791,run_2,fail,1,3,-0.0,0.0,1.0,1
browsecomp,only_voting,792,run_0,fail,2,3,0.9182958340544896,0.9182958340544896,0.6666666666666666,0
browsecomp,only_voting,792,run_1,fail,1,2,-0.0,0.0,1.0,1
browsecomp,only_voting,792,run_2,fail,1,2,-0.0,0.0,1.0,1
browsecomp,only_voting,793,run_0,fail,1,1,-0.0,0.0,1.0,1
browsecomp,only_voting,793,run_1,fail,1,2,-0.0,0.0,1.0,1
browsecomp,only_voting,793,run_2,fail,3,3,1.584962500721156,0.9999999999999999,0.3333333333333333,0
browsecomp,only_voting,794,run_0,fail,2,3,0.9182958340544896,0.9182958340544896,0.6666666666666666,0
browsecomp,only_voting,794,run_1,fail,1,2,-0.0,0.0,1.0,1
browsecomp,only_voting,794,run_2,fail,1,1,-0.0,0.0,1.0,1
browsecomp,only_voting,796,run_0,fail,2,2,1.0,1.0,0.5,0
browsecomp,only_voting,796,run_1,fail,2,4,0.8112781244591328,0.8112781244591328,0.75,0
browsecomp,only_voting,796,run_2,fail,1,2,-0.0,0.0,1.0,1
browsecomp,only_voting,797,run_0,fail,1,2,-0.0,0.0,1.0,1
browsecomp,only_voting,797,run_1,fail,1,1,-0.0,0.0,1.0,1
browsecomp,only_voting,797,run_2,fail,1,1,-0.0,0.0,1.0,1
browsecomp,only_voting,798,run_0,fail,2,2,1.0,1.0,0.5,0
browsecomp,only_voting,798,run_1,fail,1,2,-0.0,0.0,1.0,1
browsecomp,only_voting,798,run_2,fail,1,2,-0.0,0.0,1.0,1
browsecomp,only_voting,800,run_0,fail,1,2,-0.0,0.0,1.0,1
browsecomp,only_voting,800,run_1,fail,1,1,-0.0,0.0,1.0,1
browsecomp,only_voting,800,run_2,fail,2,3,0.9182958340544896,0.9182958340544896,0.6666666666666666,0
browsecomp,only_voting,801,run_0,fail,1,3,-0.0,0.0,1.0,1
browsecomp,only_voting,801,run_1,fail,2,4,0.8112781244591328,0.8112781244591328,0.75,0
browsecomp,only_voting,801,run_2,fail,1,3,-0.0,0.0,1.0,1
browsecomp,only_voting,802,run_0,fail,2,2,1.0,1.0,0.5,0
browsecomp,only_voting,802,run_1,fail,1,1,-0.0,0.0,1.0,1
browsecomp,only_voting,802,run_2,fail,2,2,1.0,1.0,0.5,0
browsecomp,only_voting,804,run_0,fail,1,1,-0.0,0.0,1.0,1
browsecomp,only_voting,804,run_1,fail,1,3,-0.0,0.0,1.0,1
browsecomp,only_voting,804,run_2,fail,2,3,0.9182958340544896,0.9182958340544896,0.6666666666666666,0
browsecomp,only_voting,805,run_0,fail,1,3,-0.0,0.0,1.0,1
browsecomp,only_voting,805,run_1,fail,1,2,-0.0,0.0,1.0,1
browsecomp,only_voting,805,run_2,fail,1,1,-0.0,0.0,1.0,1
browsecomp,only_voting,806,run_1,fail,1,3,-0.0,0.0,1.0,1
browsecomp,only_voting,806,run_2,fail,1,3,-0.0,0.0,1.0,1
finance_agent,group_chat_debate,0,run_0,fail,1,2,-0.0,0.0,1.0,1
finance_agent,group_chat_debate,0,run_1,fail,2,2,1.0,1.0,0.5,0
finance_agent,group_chat_debate,0,run_2,fail,1,1,-0.0,0.0,1.0,1
finance_agent,group_chat_debate,1,run_0,fail,1,1,-0.0,0.0,1.0,1
finance_agent,group_chat_debate,1,run_1,fail,1,1,-0.0,0.0,1.0,1
finance_agent,group_chat_debate,1,run_2,fail,1,2,-0.0,0.0,1.0,1
finance_agent,group_chat_debate,10,run_0,fail,1,1,-0.0,0.0,1.0,1
finance_agent,group_chat_debate,10,run_2,fail,1,1,-0.0,0.0,1.0,1
finance_agent,group_chat_debate,11,run_0,fail,1,2,-0.0,0.0,1.0,1
finance_agent,group_chat_debate,11,run_1,fail,1,1,-0.0,0.0,1.0,1
finance_agent,group_chat_debate,11,run_2,fail,1,1,-0.0,0.0,1.0,1
finance_agent,group_chat_debate,12,run_0,fail,1,2,-0.0,0.0,1.0,1
finance_agent,group_chat_debate,12,run_2,fail,1,2,-0.0,0.0,1.0,1
finance_agent,group_chat_debate,13,run_0,fail,1,2,-0.0,0.0,1.0,1
finance_agent,group_chat_debate,13,run_1,fail,1,1,-0.0,0.0,1.0,1
finance_agent,group_chat_debate,13,run_2,fail,2,2,1.0,1.0,0.5,0
finance_agent,group_chat_debate,14,run_0,fail,1,2,-0.0,0.0,1.0,1
finance_agent,group_chat_debate,14,run_1,fail,1,1,-0.0,0.0,1.0,1
finance_agent,group_chat_debate,14,run_2,fail,1,2,-0.0,0.0,1.0,1
finance_agent,group_chat_debate,15,run_0,fail,2,2,1.0,1.0,0.5,0
finance_agent,group_chat_debate,15,run_1,fail,1,2,-0.0,0.0,1.0,1
finance_agent,group_chat_debate,15,run_2,fail,1,2,-0.0,0.0,1.0,1
finance_agent,group_chat_debate,16,run_0,fail,1,2,-0.0,0.0,1.0,1
finance_agent,group_chat_debate,16,run_1,fail,1,1,-0.0,0.0,1.0,1
finance_agent,group_chat_debate,16,run_2,fail,1,2,-0.0,0.0,1.0,1
finance_agent,group_chat_debate,17,run_0,fail,1,2,-0.0,0.0,1.0,1
finance_agent,group_chat_debate,17,run_1,fail,2,2,1.0,1.0,0.5,0
finance_agent,group_chat_debate,17,run_2,fail,1,2,-0.0,0.0,1.0,1
finance_agent,group_chat_debate,18,run_0,fail,1,1,-0.0,0.0,1.0,1
finance_agent,group_chat_debate,18,run_2,fail,2,2,1.0,1.0,0.5,0
finance_agent,group_chat_debate,19,run_0,fail,1,2,-0.0,0.0,1.0,1
finance_agent,group_chat_debate,19,run_1,fail,2,2,1.0,1.0,0.5,0
finance_agent,group_chat_debate,19,run_2,fail,1,1,-0.0,0.0,1.0,1
finance_agent,group_chat_debate,2,run_0,fail,1,1,-0.0,0.0,1.0,1
finance_agent,group_chat_debate,2,run_1,fail,1,1,-0.0,0.0,1.0,1
finance_agent,group_chat_debate,2,run_2,fail,1,2,-0.0,0.0,1.0,1
finance_agent,group_chat_debate,20,run_0,success,1,1,-0.0,0.0,1.0,1
finance_agent,group_chat_debate,20,run_1,success,1,2,-0.0,0.0,1.0,1
finance_agent,group_chat_debate,20,run_2,fail,2,2,1.0,1.0,0.5,0
finance_agent,group_chat_debate,21,run_1,fail,2,2,1.0,1.0,0.5,0
finance_agent,group_chat_debate,21,run_2,fail,1,2,-0.0,0.0,1.0,1
finance_agent,group_chat_debate,22,run_0,fail,1,2,-0.0,0.0,1.0,1
finance_agent,group_chat_debate,22,run_1,fail,1,2,-0.0,0.0,1.0,1
finance_agent,group_chat_debate,22,run_2,fail,1,2,-0.0,0.0,1.0,1
finance_agent,group_chat_debate,23,run_0,fail,1,2,-0.0,0.0,1.0,1
finance_agent,group_chat_debate,23,run_1,fail,1,1,-0.0,0.0,1.0,1
finance_agent,group_chat_debate,23,run_2,fail,1,1,-0.0,0.0,1.0,1
finance_agent,group_chat_debate,24,run_0,fail,1,1,-0.0,0.0,1.0,1
finance_agent,group_chat_debate,24,run_1,fail,1,2,-0.0,0.0,1.0,1
finance_agent,group_chat_debate,24,run_2,fail,1,1,-0.0,0.0,1.0,1
finance_agent,group_chat_debate,25,run_0,fail,1,1,-0.0,0.0,1.0,1
finance_agent,group_chat_debate,25,run_1,fail,1,2,-0.0,0.0,1.0,1
finance_agent,group_chat_debate,25,run_2,fail,1,2,-0.0,0.0,1.0,1
finance_agent,group_chat_debate,26,run_0,fail,1,1,-0.0,0.0,1.0,1
finance_agent,group_chat_debate,26,run_1,fail,1,2,-0.0,0.0,1.0,1
finance_agent,group_chat_debate,26,run_2,fail,1,1,-0.0,0.0,1.0,1
finance_agent,group_chat_debate,27,run_0,fail,1,1,-0.0,0.0,1.0,1
finance_agent,group_chat_debate,27,run_1,fail,1,2,-0.0,0.0,1.0,1
finance_agent,group_chat_debate,27,run_2,fail,1,2,-0.0,0.0,1.0,1
finance_agent,group_chat_debate,28,run_0,fail,1,1,-0.0,0.0,1.0,1
finance_agent,group_chat_debate,28,run_1,fail,1,1,-0.0,0.0,1.0,1
finance_agent,group_chat_debate,28,run_2,fail,2,2,1.0,1.0,0.5,0
finance_agent,group_chat_debate,29,run_0,fail,1,2,-0.0,0.0,1.0,1
finance_agent,group_chat_debate,29,run_1,fail,1,2,-0.0,0.0,1.0,1
finance_agent,group_chat_debate,29,run_2,fail,2,2,1.0,1.0,0.5,0
finance_agent,group_chat_debate,3,run_0,fail,1,2,-0.0,0.0,1.0,1
finance_agent,group_chat_debate,3,run_1,fail,2,2,1.0,1.0,0.5,0
finance_agent,group_chat_debate,3,run_2,fail,1,1,-0.0,0.0,1.0,1
finance_agent,group_chat_debate,4,run_0,fail,1,1,-0.0,0.0,1.0,1
finance_agent,group_chat_debate,4,run_1,fail,2,2,1.0,1.0,0.5,0
finance_agent,group_chat_debate,4,run_2,fail,1,1,-0.0,0.0,1.0,1
finance_agent,group_chat_debate,5,run_0,fail,1,2,-0.0,0.0,1.0,1
finance_agent,group_chat_debate,5,run_1,fail,1,2,-0.0,0.0,1.0,1
finance_agent,group_chat_debate,5,run_2,fail,1,2,-0.0,0.0,1.0,1
finance_agent,group_chat_debate,6,run_0,fail,1,1,-0.0,0.0,1.0,1
finance_agent,group_chat_debate,6,run_1,fail,1,2,-0.0,0.0,1.0,1
finance_agent,group_chat_debate,6,run_2,fail,1,1,-0.0,0.0,1.0,1
finance_agent,group_chat_debate,7,run_0,fail,1,1,-0.0,0.0,1.0,1
finance_agent,group_chat_debate,7,run_1,fail,1,1,-0.0,0.0,1.0,1
finance_agent,group_chat_debate,7,run_2,fail,1,1,-0.0,0.0,1.0,1
finance_agent,group_chat_debate,8,run_0,success,1,2,-0.0,0.0,1.0,1
finance_agent,group_chat_debate,8,run_1,success,1,1,-0.0,0.0,1.0,1
finance_agent,group_chat_debate,8,run_2,success,1,2,-0.0,0.0,1.0,1
finance_agent,group_chat_debate,9,run_0,fail,1,2,-0.0,0.0,1.0,1
finance_agent,group_chat_debate,9,run_1,fail,1,1,-0.0,0.0,1.0,1
finance_agent,group_chat_debate,9,run_2,fail,1,2,-0.0,0.0,1.0,1
finance_agent,only_voting,0,run_0,fail,1,3,-0.0,0.0,1.0,1
finance_agent,only_voting,0,run_1,fail,2,3,0.9182958340544896,0.9182958340544896,0.6666666666666666,0
finance_agent,only_voting,0,run_2,fail,2,3,0.9182958340544896,0.9182958340544896,0.6666666666666666,0
finance_agent,only_voting,1,run_0,fail,2,2,1.0,1.0,0.5,0
finance_agent,only_voting,1,run_1,fail,1,3,-0.0,0.0,1.0,1
finance_agent,only_voting,1,run_2,fail,2,3,0.9182958340544896,0.9182958340544896,0.6666666666666666,0
finance_agent,only_voting,10,run_0,fail,1,1,-0.0,0.0,1.0,1
finance_agent,only_voting,10,run_1,fail,1,1,-0.0,0.0,1.0,1
finance_agent,only_voting,10,run_2,fail,2,2,1.0,1.0,0.5,0
finance_agent,only_voting,11,run_0,fail,1,1,-0.0,0.0,1.0,1
finance_agent,only_voting,11,run_1,fail,1,4,-0.0,0.0,1.0,1
finance_agent,only_voting,11,run_2,fail,1,3,-0.0,0.0,1.0,1
finance_agent,only_voting,12,run_0,fail,1,2,-0.0,0.0,1.0,1
finance_agent,only_voting,12,run_1,fail,2,4,0.8112781244591328,0.8112781244591328,0.75,0
finance_agent,only_voting,12,run_2,fail,2,3,0.9182958340544896,0.9182958340544896,0.6666666666666666,0
finance_agent,only_voting,13,run_0,fail,2,4,0.8112781244591328,0.8112781244591328,0.75,0
finance_agent,only_voting,13,run_1,fail,1,1,-0.0,0.0,1.0,1
finance_agent,only_voting,13,run_2,fail,2,3,0.9182958340544896,0.9182958340544896,0.6666666666666666,0
finance_agent,only_voting,14,run_0,fail,1,3,-0.0,0.0,1.0,1
finance_agent,only_voting,14,run_1,fail,2,2,1.0,1.0,0.5,0
finance_agent,only_voting,14,run_2,fail,2,3,0.9182958340544896,0.9182958340544896,0.6666666666666666,0
finance_agent,only_voting,15,run_0,fail,2,3,0.9182958340544896,0.9182958340544896,0.6666666666666666,0
finance_agent,only_voting,15,run_1,fail,2,3,0.9182958340544896,0.9182958340544896,0.6666666666666666,0
finance_agent,only_voting,15,run_2,fail,2,3,0.9182958340544896,0.9182958340544896,0.6666666666666666,0
finance_agent,only_voting,16,run_0,fail,1,2,-0.0,0.0,1.0,1
finance_agent,only_voting,16,run_1,fail,2,2,1.0,1.0,0.5,0
finance_agent,only_voting,16,run_2,fail,1,1,-0.0,0.0,1.0,1
finance_agent,only_voting,17,run_0,fail,3,4,1.5,0.9463946303571861,0.5,0
finance_agent,only_voting,17,run_1,fail,1,1,-0.0,0.0,1.0,1
finance_agent,only_voting,17,run_2,fail,2,2,1.0,1.0,0.5,0
finance_agent,only_voting,18,run_0,fail,3,3,1.584962500721156,0.9999999999999999,0.3333333333333333,0
finance_agent,only_voting,18,run_1,fail,1,1,-0.0,0.0,1.0,1
finance_agent,only_voting,18,run_2,fail,1,2,-0.0,0.0,1.0,1
finance_agent,only_voting,19,run_0,fail,1,3,-0.0,0.0,1.0,1
finance_agent,only_voting,19,run_1,fail,1,1,-0.0,0.0,1.0,1
finance_agent,only_voting,19,run_2,fail,2,3,0.9182958340544896,0.9182958340544896,0.6666666666666666,0
finance_agent,only_voting,2,run_0,fail,1,1,-0.0,0.0,1.0,1
finance_agent,only_voting,2,run_1,fail,2,3,0.9182958340544896,0.9182958340544896,0.6666666666666666,0
finance_agent,only_voting,2,run_2,fail,2,3,0.9182958340544896,0.9182958340544896,0.6666666666666666,0
finance_agent,only_voting,20,run_0,success,3,4,1.5,0.9463946303571861,0.5,0
finance_agent,only_voting,20,run_1,success,1,1,-0.0,0.0,1.0,1
finance_agent,only_voting,20,run_2,success,1,1,-0.0,0.0,1.0,1
finance_agent,only_voting,21,run_0,fail,1,2,-0.0,0.0,1.0,1
finance_agent,only_voting,21,run_1,fail,2,2,1.0,1.0,0.5,0
finance_agent,only_voting,21,run_2,fail,1,1,-0.0,0.0,1.0,1
finance_agent,only_voting,22,run_0,fail,1,1,-0.0,0.0,1.0,1
finance_agent,only_voting,22,run_1,fail,2,3,0.9182958340544896,0.9182958340544896,0.6666666666666666,0
finance_agent,only_voting,22,run_2,fail,1,3,-0.0,0.0,1.0,1
finance_agent,only_voting,23,run_0,fail,1,1,-0.0,0.0,1.0,1
finance_agent,only_voting,23,run_1,fail,1,1,-0.0,0.0,1.0,1
finance_agent,only_voting,23,run_2,fail,2,2,1.0,1.0,0.5,0
finance_agent,only_voting,24,run_0,fail,1,1,-0.0,0.0,1.0,1
finance_agent,only_voting,24,run_1,fail,2,3,0.9182958340544896,0.9182958340544896,0.6666666666666666,0
finance_agent,only_voting,24,run_2,fail,4,4,2.0,1.0,0.25,0
finance_agent,only_voting,25,run_0,fail,1,2,-0.0,0.0,1.0,1
finance_agent,only_voting,25,run_1,fail,2,2,1.0,1.0,0.5,0
finance_agent,only_voting,25,run_2,fail,2,3,0.9182958340544896,0.9182958340544896,0.6666666666666666,0
finance_agent,only_voting,26,run_0,fail,2,2,1.0,1.0,0.5,0
finance_agent,only_voting,26,run_1,fail,1,1,-0.0,0.0,1.0,1
finance_agent,only_voting,26,run_2,fail,2,4,0.8112781244591328,0.8112781244591328,0.75,0
finance_agent,only_voting,27,run_0,fail,2,4,0.8112781244591328,0.8112781244591328,0.75,0
finance_agent,only_voting,27,run_1,fail,1,3,-0.0,0.0,1.0,1
finance_agent,only_voting,27,run_2,fail,1,3,-0.0,0.0,1.0,1
finance_agent,only_voting,28,run_0,fail,1,2,-0.0,0.0,1.0,1
finance_agent,only_voting,28,run_1,fail,2,3,0.9182958340544896,0.9182958340544896,0.6666666666666666,0
finance_agent,only_voting,28,run_2,fail,2,3,0.9182958340544896,0.9182958340544896,0.6666666666666666,0
finance_agent,only_voting,29,run_0,fail,3,3,1.584962500721156,0.9999999999999999,0.3333333333333333,0
finance_agent,only_voting,29,run_1,fail,1,1,-0.0,0.0,1.0,1
finance_agent,only_voting,29,run_2,fail,1,1,-0.0,0.0,1.0,1
finance_agent,only_voting,3,run_0,fail,1,1,-0.0,0.0,1.0,1
finance_agent,only_voting,3,run_1,fail,1,1,-0.0,0.0,1.0,1
finance_agent,only_voting,3,run_2,fail,1,1,-0.0,0.0,1.0,1
finance_agent,only_voting,4,run_0,fail,2,2,1.0,1.0,0.5,0
finance_agent,only_voting,4,run_1,fail,2,2,1.0,1.0,0.5,0
finance_agent,only_voting,4,run_2,fail,1,1,-0.0,0.0,1.0,1
finance_agent,only_voting,5,run_0,fail,1,2,-0.0,0.0,1.0,1
finance_agent,only_voting,5,run_1,fail,1,2,-0.0,0.0,1.0,1
finance_agent,only_voting,5,run_2,fail,1,1,-0.0,0.0,1.0,1
finance_agent,only_voting,6,run_0,fail,3,3,1.584962500721156,0.9999999999999999,0.3333333333333333,0
finance_agent,only_voting,6,run_1,fail,2,3,0.9182958340544896,0.9182958340544896,0.6666666666666666,0
finance_agent,only_voting,6,run_2,fail,1,1,-0.0,0.0,1.0,1
finance_agent,only_voting,7,run_0,fail,2,3,0.9182958340544896,0.9182958340544896,0.6666666666666666,0
finance_agent,only_voting,7,run_1,fail,1,1,-0.0,0.0,1.0,1
finance_agent,only_voting,7,run_2,fail,3,3,1.584962500721156,0.9999999999999999,0.3333333333333333,0
finance_agent,only_voting,8,run_0,success,2,3,0.9182958340544896,0.9182958340544896,0.6666666666666666,0
finance_agent,only_voting,8,run_1,success,1,1,-0.0,0.0,1.0,1
finance_agent,only_voting,8,run_2,fail,1,3,-0.0,0.0,1.0,1
finance_agent,only_voting,9,run_0,fail,1,1,-0.0,0.0,1.0,1
finance_agent,only_voting,9,run_1,fail,1,1,-0.0,0.0,1.0,1
finance_agent,only_voting,9,run_2,fail,2,4,0.8112781244591328,0.8112781244591328,0.75,0
plancraft,fully_linked_debate,VAL0001,run_0,fail,1,4,-0.0,0.0,1.0,1
plancraft,fully_linked_debate,VAL0001,run_1,success,2,4,0.8112781244591328,0.8112781244591328,0.75,0
plancraft,fully_linked_debate,VAL0001,run_2,fail,1,3,-0.0,0.0,1.0,1
plancraft,fully_linked_debate,VAL0015,run_0,fail,2,4,0.8112781244591328,0.8112781244591328,0.75,0
plancraft,fully_linked_debate,VAL0015,run_1,fail,1,3,-0.0,0.0,1.0,1
plancraft,fully_linked_debate,VAL0015,run_2,success,1,4,-0.0,0.0,1.0,1
plancraft,fully_linked_debate,VAL0049,run_0,fail,2,3,0.9182958340544896,0.9182958340544896,0.6666666666666666,0
plancraft,fully_linked_debate,VAL0049,run_1,success,1,1,-0.0,0.0,1.0,1
plancraft,fully_linked_debate,VAL0049,run_2,fail,1,3,-0.0,0.0,1.0,1
plancraft,fully_linked_debate,VAL0051,run_0,fail,2,4,0.8112781244591328,0.8112781244591328,0.75,0
plancraft,fully_linked_debate,VAL0051,run_1,fail,1,2,-0.0,0.0,1.0,1
plancraft,fully_linked_debate,VAL0051,run_2,fail,1,2,-0.0,0.0,1.0,1
plancraft,fully_linked_debate,VAL0095,run_0,success,1,1,-0.0,0.0,1.0,1
plancraft,fully_linked_debate,VAL0095,run_1,success,1,3,-0.0,0.0,1.0,1
plancraft,fully_linked_debate,VAL0095,run_2,success,1,4,-0.0,0.0,1.0,1
plancraft,fully_linked_debate,VAL0103,run_0,success,1,3,-0.0,0.0,1.0,1
plancraft,fully_linked_debate,VAL0103,run_1,fail,1,4,-0.0,0.0,1.0,1
plancraft,fully_linked_debate,VAL0103,run_2,fail,1,4,-0.0,0.0,1.0,1
plancraft,fully_linked_debate,VAL0132,run_0,fail,2,4,0.8112781244591328,0.8112781244591328,0.75,0
plancraft,fully_linked_debate,VAL0132,run_1,success,2,4,1.0,1.0,0.5,0
plancraft,fully_linked_debate,VAL0132,run_2,fail,2,3,0.9182958340544896,0.9182958340544896,0.6666666666666666,0
plancraft,fully_linked_debate,VAL0143,run_0,success,1,3,-0.0,0.0,1.0,1
plancraft,fully_linked_debate,VAL0143,run_1,fail,2,4,0.8112781244591328,0.8112781244591328,0.75,0
plancraft,fully_linked_debate,VAL0143,run_2,fail,1,4,-0.0,0.0,1.0,1
plancraft,fully_linked_debate,VAL0146,run_0,fail,2,3,0.9182958340544896,0.9182958340544896,0.6666666666666666,0
plancraft,fully_linked_debate,VAL0146,run_1,fail,1,4,-0.0,0.0,1.0,1
plancraft,fully_linked_debate,VAL0146,run_2,fail,1,1,-0.0,0.0,1.0,1
plancraft,fully_linked_debate,VAL0155,run_0,success,2,3,0.9182958340544896,0.9182958340544896,0.6666666666666666,0
plancraft,fully_linked_debate,VAL0155,run_1,fail,1,3,-0.0,0.0,1.0,1
plancraft,fully_linked_debate,VAL0155,run_2,fail,1,4,-0.0,0.0,1.0,1
plancraft,fully_linked_debate,VAL0163,run_0,success,2,4,0.8112781244591328,0.8112781244591328,0.75,0
plancraft,fully_linked_debate,VAL0163,run_1,success,2,4,1.0,1.0,0.5,0
plancraft,fully_linked_debate,VAL0163,run_2,fail,1,4,-0.0,0.0,1.0,1
plancraft,fully_linked_debate,VAL0168,run_0,success,1,2,-0.0,0.0,1.0,1
plancraft,fully_linked_debate,VAL0168,run_1,fail,1,2,-0.0,0.0,1.0,1
plancraft,fully_linked_debate,VAL0168,run_2,fail,1,3,-0.0,0.0,1.0,1
plancraft,fully_linked_debate,VAL0187,run_0,fail,2,4,0.8112781244591328,0.8112781244591328,0.75,0
plancraft,fully_linked_debate,VAL0187,run_1,fail,1,4,-0.0,0.0,1.0,1
plancraft,fully_linked_debate,VAL0187,run_2,fail,1,1,-0.0,0.0,1.0,1
plancraft,fully_linked_debate,VAL0211,run_0,fail,1,3,-0.0,0.0,1.0,1
plancraft,fully_linked_debate,VAL0211,run_1,fail,1,4,-0.0,0.0,1.0,1
plancraft,fully_linked_debate,VAL0211,run_2,fail,1,4,-0.0,0.0,1.0,1
plancraft,fully_linked_debate,VAL0214,run_0,fail,1,4,-0.0,0.0,1.0,1
plancraft,fully_linked_debate,VAL0214,run_1,fail,1,2,-0.0,0.0,1.0,1
plancraft,fully_linked_debate,VAL0214,run_2,fail,1,4,-0.0,0.0,1.0,1
plancraft,fully_linked_debate,VAL0229,run_0,fail,1,3,-0.0,0.0,1.0,1
plancraft,fully_linked_debate,VAL0229,run_1,fail,1,2,-0.0,0.0,1.0,1
plancraft,fully_linked_debate,VAL0229,run_2,success,2,3,0.9182958340544896,0.9182958340544896,0.6666666666666666,0
plancraft,fully_linked_debate,VAL0239,run_0,success,1,4,-0.0,0.0,1.0,1
plancraft,fully_linked_debate,VAL0239,run_1,fail,1,2,-0.0,0.0,1.0,1
plancraft,fully_linked_debate,VAL0239,run_2,fail,1,4,-0.0,0.0,1.0,1
plancraft,fully_linked_debate,VAL0274,run_0,success,2,4,1.0,1.0,0.5,0
plancraft,fully_linked_debate,VAL0274,run_1,success,1,4,-0.0,0.0,1.0,1
plancraft,fully_linked_debate,VAL0274,run_2,success,1,4,-0.0,0.0,1.0,1
plancraft,fully_linked_debate,VAL0338,run_0,fail,1,1,-0.0,0.0,1.0,1
plancraft,fully_linked_debate,VAL0338,run_1,fail,1,4,-0.0,0.0,1.0,1
plancraft,fully_linked_debate,VAL0338,run_2,fail,1,4,-0.0,0.0,1.0,1
plancraft,fully_linked_debate,VAL0346,run_0,fail,1,4,-0.0,0.0,1.0,1
plancraft,fully_linked_debate,VAL0346,run_1,fail,1,4,-0.0,0.0,1.0,1
plancraft,fully_linked_debate,VAL0346,run_2,fail,2,2,1.0,1.0,0.5,0
plancraft,fully_linked_debate,VAL0381,run_0,success,1,3,-0.0,0.0,1.0,1
plancraft,fully_linked_debate,VAL0381,run_1,success,1,3,-0.0,0.0,1.0,1
plancraft,fully_linked_debate,VAL0381,run_2,success,1,2,-0.0,0.0,1.0,1
plancraft,fully_linked_debate,VAL0403,run_0,success,1,3,-0.0,0.0,1.0,1
plancraft,fully_linked_debate,VAL0403,run_1,success,1,4,-0.0,0.0,1.0,1
plancraft,fully_linked_debate,VAL0403,run_2,success,1,3,-0.0,0.0,1.0,1
plancraft,fully_linked_debate,VAL0418,run_0,fail,2,2,1.0,1.0,0.5,0
plancraft,fully_linked_debate,VAL0418,run_1,fail,1,4,-0.0,0.0,1.0,1
plancraft,fully_linked_debate,VAL0418,run_2,success,1,3,-0.0,0.0,1.0,1
plancraft,fully_linked_debate,VAL0448,run_0,success,3,4,1.5,0.9463946303571861,0.5,0
plancraft,fully_linked_debate,VAL0448,run_1,success,1,1,-0.0,0.0,1.0,1
plancraft,fully_linked_debate,VAL0448,run_2,success,1,3,-0.0,0.0,1.0,1
plancraft,fully_linked_debate,VAL0451,run_0,success,1,4,-0.0,0.0,1.0,1
plancraft,fully_linked_debate,VAL0451,run_1,fail,2,4,1.0,1.0,0.5,0
plancraft,fully_linked_debate,VAL0451,run_2,success,1,4,-0.0,0.0,1.0,1
plancraft,fully_linked_debate,VAL0461,run_0,fail,1,1,-0.0,0.0,1.0,1
plancraft,fully_linked_debate,VAL0461,run_1,fail,1,1,-0.0,0.0,1.0,1
plancraft,fully_linked_debate,VAL0461,run_2,fail,1,1,-0.0,0.0,1.0,1
plancraft,fully_linked_debate,VAL0485,run_0,fail,1,3,-0.0,0.0,1.0,1
plancraft,fully_linked_debate,VAL0485,run_1,fail,1,3,-0.0,0.0,1.0,1
plancraft,fully_linked_debate,VAL0485,run_2,fail,4,4,2.0,1.0,0.25,0
plancraft,fully_linked_debate,VAL0491,run_0,success,1,4,-0.0,0.0,1.0,1
plancraft,fully_linked_debate,VAL0491,run_1,success,1,3,-0.0,0.0,1.0,1
plancraft,fully_linked_debate,VAL0491,run_2,success,2,4,0.8112781244591328,0.8112781244591328,0.75,0
plancraft,fully_linked_debate,VAL0532,run_0,fail,1,3,-0.0,0.0,1.0,1
plancraft,fully_linked_debate,VAL0532,run_1,fail,1,4,-0.0,0.0,1.0,1
plancraft,fully_linked_debate,VAL0532,run_2,fail,1,1,-0.0,0.0,1.0,1
plancraft,fully_linked_debate,VAL0596,run_0,fail,2,2,1.0,1.0,0.5,0
plancraft,fully_linked_debate,VAL0596,run_1,fail,1,3,-0.0,0.0,1.0,1
plancraft,fully_linked_debate,VAL0596,run_2,fail,1,1,-0.0,0.0,1.0,1
plancraft,group_chat_debate,VAL0001,run_0,fail,1,2,-0.0,0.0,1.0,1
plancraft,group_chat_debate,VAL0001,run_1,success,1,2,-0.0,0.0,1.0,1
plancraft,group_chat_debate,VAL0001,run_2,fail,1,2,-0.0,0.0,1.0,1
plancraft,group_chat_debate,VAL0015,run_0,fail,1,1,-0.0,0.0,1.0,1
plancraft,group_chat_debate,VAL0015,run_1,fail,1,2,-0.0,0.0,1.0,1
plancraft,group_chat_debate,VAL0015,run_2,fail,1,2,-0.0,0.0,1.0,1
plancraft,group_chat_debate,VAL0049,run_0,fail,1,2,-0.0,0.0,1.0,1
plancraft,group_chat_debate,VAL0049,run_1,fail,1,2,-0.0,0.0,1.0,1
plancraft,group_chat_debate,VAL0049,run_2,fail,1,2,-0.0,0.0,1.0,1
plancraft,group_chat_debate,VAL0051,run_0,fail,1,1,-0.0,0.0,1.0,1
plancraft,group_chat_debate,VAL0051,run_1,fail,1,2,-0.0,0.0,1.0,1
plancraft,group_chat_debate,VAL0051,run_2,fail,1,2,-0.0,0.0,1.0,1
plancraft,group_chat_debate,VAL0095,run_0,success,1,2,-0.0,0.0,1.0,1
plancraft,group_chat_debate,VAL0095,run_1,fail,1,1,-0.0,0.0,1.0,1
plancraft,group_chat_debate,VAL0095,run_2,success,1,2,-0.0,0.0,1.0,1
plancraft,group_chat_debate,VAL0103,run_0,success,1,2,-0.0,0.0,1.0,1
plancraft,group_chat_debate,VAL0103,run_1,fail,1,2,-0.0,0.0,1.0,1
plancraft,group_chat_debate,VAL0103,run_2,fail,1,2,-0.0,0.0,1.0,1
plancraft,group_chat_debate,VAL0132,run_0,fail,1,1,-0.0,0.0,1.0,1
plancraft,group_chat_debate,VAL0132,run_1,fail,1,2,-0.0,0.0,1.0,1
plancraft,group_chat_debate,VAL0132,run_2,success,1,2,-0.0,0.0,1.0,1
plancraft,group_chat_debate,VAL0143,run_0,fail,1,1,-0.0,0.0,1.0,1
plancraft,group_chat_debate,VAL0143,run_1,fail,1,2,-0.0,0.0,1.0,1
plancraft,group_chat_debate,VAL0143,run_2,fail,1,2,-0.0,0.0,1.0,1
plancraft,group_chat_debate,VAL0146,run_0,fail,1,2,-0.0,0.0,1.0,1
plancraft,group_chat_debate,VAL0146,run_1,fail,1,1,-0.0,0.0,1.0,1
plancraft,group_chat_debate,VAL0146,run_2,fail,1,2,-0.0,0.0,1.0,1
plancraft,group_chat_debate,VAL0155,run_0,fail,1,1,-0.0,0.0,1.0,1
plancraft,group_chat_debate,VAL0155,run_1,fail,1,2,-0.0,0.0,1.0,1
plancraft,group_chat_debate,VAL0155,run_2,fail,1,2,-0.0,0.0,1.0,1
plancraft,group_chat_debate,VAL0163,run_0,success,1,2,-0.0,0.0,1.0,1
plancraft,group_chat_debate,VAL0163,run_1,success,1,2,-0.0,0.0,1.0,1
plancraft,group_chat_debate,VAL0163,run_2,success,1,2,-0.0,0.0,1.0,1
plancraft,group_chat_debate,VAL0168,run_0,success,1,2,-0.0,0.0,1.0,1
plancraft,group_chat_debate,VAL0168,run_1,fail,1,2,-0.0,0.0,1.0,1
plancraft,group_chat_debate,VAL0168,run_2,fail,1,2,-0.0,0.0,1.0,1
plancraft,group_chat_debate,VAL0187,run_0,fail,1,2,-0.0,0.0,1.0,1
plancraft,group_chat_debate,VAL0187,run_1,fail,1,2,-0.0,0.0,1.0,1
plancraft,group_chat_debate,VAL0187,run_2,fail,1,2,-0.0,0.0,1.0,1
plancraft,group_chat_debate,VAL0211,run_0,fail,1,2,-0.0,0.0,1.0,1
plancraft,group_chat_debate,VAL0211,run_1,fail,1,2,-0.0,0.0,1.0,1
plancraft,group_chat_debate,VAL0211,run_2,fail,1,2,-0.0,0.0,1.0,1
plancraft,group_chat_debate,VAL0214,run_0,fail,1,2,-0.0,0.0,1.0,1
plancraft,group_chat_debate,VAL0214,run_1,fail,2,2,1.0,1.0,0.5,0
plancraft,group_chat_debate,VAL0214,run_2,fail,1,2,-0.0,0.0,1.0,1
plancraft,group_chat_debate,VAL0229,run_0,fail,1,2,-0.0,0.0,1.0,1
plancraft,group_chat_debate,VAL0229,run_1,fail,1,2,-0.0,0.0,1.0,1
plancraft,group_chat_debate,VAL0229,run_2,success,1,2,-0.0,0.0,1.0,1
plancraft,group_chat_debate,VAL0239,run_0,fail,1,2,-0.0,0.0,1.0,1
plancraft,group_chat_debate,VAL0239,run_1,fail,1,2,-0.0,0.0,1.0,1
plancraft,group_chat_debate,VAL0239,run_2,fail,1,1,-0.0,0.0,1.0,1
plancraft,group_chat_debate,VAL0274,run_0,fail,1,1,-0.0,0.0,1.0,1
plancraft,group_chat_debate,VAL0274,run_1,fail,1,2,-0.0,0.0,1.0,1
plancraft,group_chat_debate,VAL0274,run_2,fail,1,2,-0.0,0.0,1.0,1
plancraft,group_chat_debate,VAL0338,run_0,fail,1,2,-0.0,0.0,1.0,1
plancraft,group_chat_debate,VAL0338,run_1,fail,1,1,-0.0,0.0,1.0,1
plancraft,group_chat_debate,VAL0338,run_2,fail,1,2,-0.0,0.0,1.0,1
plancraft,group_chat_debate,VAL0346,run_0,fail,1,2,-0.0,0.0,1.0,1
plancraft,group_chat_debate,VAL0346,run_1,fail,1,2,-0.0,0.0,1.0,1
plancraft,group_chat_debate,VAL0346,run_2,fail,1,2,-0.0,0.0,1.0,1
plancraft,group_chat_debate,VAL0381,run_0,success,1,2,-0.0,0.0,1.0,1
plancraft,group_chat_debate,VAL0381,run_1,success,1,2,-0.0,0.0,1.0,1
plancraft,group_chat_debate,VAL0381,run_2,success,1,2,-0.0,0.0,1.0,1
plancraft,group_chat_debate,VAL0403,run_0,fail,1,1,-0.0,0.0,1.0,1
plancraft,group_chat_debate,VAL0403,run_1,success,1,2,-0.0,0.0,1.0,1
plancraft,group_chat_debate,VAL0403,run_2,fail,2,2,1.0,1.0,0.5,0
plancraft,group_chat_debate,VAL0418,run_0,success,1,1,-0.0,0.0,1.0,1
plancraft,group_chat_debate,VAL0418,run_1,fail,1,2,-0.0,0.0,1.0,1
plancraft,group_chat_debate,VAL0418,run_2,fail,1,1,-0.0,0.0,1.0,1
plancraft,group_chat_debate,VAL0448,run_0,fail,1,2,-0.0,0.0,1.0,1
plancraft,group_chat_debate,VAL0448,run_1,success,1,2,-0.0,0.0,1.0,1
plancraft,group_chat_debate,VAL0448,run_2,success,1,2,-0.0,0.0,1.0,1
plancraft,group_chat_debate,VAL0451,run_0,fail,1,2,-0.0,0.0,1.0,1
plancraft,group_chat_debate,VAL0451,run_1,success,1,2,-0.0,0.0,1.0,1
plancraft,group_chat_debate,VAL0451,run_2,fail,1,1,-0.0,0.0,1.0,1
plancraft,group_chat_debate,VAL0461,run_0,fail,2,2,1.0,1.0,0.5,0
plancraft,group_chat_debate,VAL0461,run_1,fail,1,1,-0.0,0.0,1.0,1
plancraft,group_chat_debate,VAL0461,run_2,fail,1,2,-0.0,0.0,1.0,1
plancraft,group_chat_debate,VAL0485,run_0,fail,1,2,-0.0,0.0,1.0,1
plancraft,group_chat_debate,VAL0485,run_1,fail,1,1,-0.0,0.0,1.0,1
plancraft,group_chat_debate,VAL0485,run_2,fail,1,2,-0.0,0.0,1.0,1
plancraft,group_chat_debate,VAL0491,run_0,fail,1,1,-0.0,0.0,1.0,1
plancraft,group_chat_debate,VAL0491,run_1,success,1,2,-0.0,0.0,1.0,1
plancraft,group_chat_debate,VAL0491,run_2,success,1,2,-0.0,0.0,1.0,1
plancraft,group_chat_debate,VAL0532,run_0,fail,1,2,-0.0,0.0,1.0,1
plancraft,group_chat_debate,VAL0532,run_1,fail,1,2,-0.0,0.0,1.0,1
plancraft,group_chat_debate,VAL0532,run_2,fail,1,2,-0.0,0.0,1.0,1
plancraft,group_chat_debate,VAL0596,run_0,fail,2,2,1.0,1.0,0.5,0
plancraft,group_chat_debate,VAL0596,run_1,fail,1,2,-0.0,0.0,1.0,1
plancraft,group_chat_debate,VAL0596,run_2,fail,1,2,-0.0,0.0,1.0,1
plancraft,only_voting,VAL0001,run_0,success,2,3,0.9182958340544896,0.9182958340544896,0.6666666666666666,0
plancraft,only_voting,VAL0001,run_1,fail,1,1,-0.0,0.0,1.0,1
plancraft,only_voting,VAL0001,run_2,fail,1,2,-0.0,0.0,1.0,1
plancraft,only_voting,VAL0015,run_0,success,1,3,-0.0,0.0,1.0,1
plancraft,only_voting,VAL0015,run_1,success,1,3,-0.0,0.0,1.0,1
plancraft,only_voting,VAL0015,run_2,success,3,3,1.584962500721156,0.9999999999999999,0.3333333333333333,0
plancraft,only_voting,VAL0049,run_0,fail,1,2,-0.0,0.0,1.0,1
plancraft,only_voting,VAL0049,run_1,fail,1,1,-0.0,0.0,1.0,1
plancraft,only_voting,VAL0049,run_2,fail,1,3,-0.0,0.0,1.0,1
plancraft,only_voting,VAL0051,run_0,fail,1,1,-0.0,0.0,1.0,1
plancraft,only_voting,VAL0051,run_1,fail,1,1,-0.0,0.0,1.0,1
plancraft,only_voting,VAL0051,run_2,fail,1,1,-0.0,0.0,1.0,1
plancraft,only_voting,VAL0095,run_0,success,1,1,-0.0,0.0,1.0,1
plancraft,only_voting,VAL0095,run_1,success,1,2,-0.0,0.0,1.0,1
plancraft,only_voting,VAL0095,run_2,success,2,3,0.9182958340544896,0.9182958340544896,0.6666666666666666,0
plancraft,only_voting,VAL0103,run_0,fail,2,4,1.0,1.0,0.5,0
plancraft,only_voting,VAL0103,run_1,fail,1,3,-0.0,0.0,1.0,1
plancraft,only_voting,VAL0103,run_2,fail,1,2,-0.0,0.0,1.0,1
plancraft,only_voting,VAL0132,run_0,fail,2,2,1.0,1.0,0.5,0
plancraft,only_voting,VAL0132,run_1,success,1,3,-0.0,0.0,1.0,1
plancraft,only_voting,VAL0132,run_2,success,2,4,0.8112781244591328,0.8112781244591328,0.75,0
plancraft,only_voting,VAL0143,run_0,success,1,4,-0.0,0.0,1.0,1
plancraft,only_voting,VAL0143,run_1,fail,1,1,-0.0,0.0,1.0,1
plancraft,only_voting,VAL0143,run_2,fail,4,4,2.0,1.0,0.25,0
plancraft,only_voting,VAL0146,run_0,fail,3,4,1.5,0.9463946303571861,0.5,0
plancraft,only_voting,VAL0146,run_1,fail,1,3,-0.0,0.0,1.0,1
plancraft,only_voting,VAL0146,run_2,fail,1,2,-0.0,0.0,1.0,1
plancraft,only_voting,VAL0155,run_0,success,1,3,-0.0,0.0,1.0,1
plancraft,only_voting,VAL0155,run_1,fail,2,2,1.0,1.0,0.5,0
plancraft,only_voting,VAL0155,run_2,fail,1,2,-0.0,0.0,1.0,1
plancraft,only_voting,VAL0163,run_0,success,1,2,-0.0,0.0,1.0,1
plancraft,only_voting,VAL0163,run_1,success,2,2,1.0,1.0,0.5,0
plancraft,only_voting,VAL0163,run_2,success,2,3,0.9182958340544896,0.9182958340544896,0.6666666666666666,0
plancraft,only_voting,VAL0168,run_0,success,2,3,0.9182958340544896,0.9182958340544896,0.6666666666666666,0
plancraft,only_voting,VAL0168,run_1,fail,1,3,-0.0,0.0,1.0,1
plancraft,only_voting,VAL0168,run_2,fail,1,2,-0.0,0.0,1.0,1
plancraft,only_voting,VAL0187,run_0,fail,2,3,0.9182958340544896,0.9182958340544896,0.6666666666666666,0
plancraft,only_voting,VAL0187,run_1,fail,1,1,-0.0,0.0,1.0,1
plancraft,only_voting,VAL0187,run_2,fail,1,2,-0.0,0.0,1.0,1
plancraft,only_voting,VAL0211,run_0,fail,1,3,-0.0,0.0,1.0,1
plancraft,only_voting,VAL0211,run_1,fail,1,1,-0.0,0.0,1.0,1
plancraft,only_voting,VAL0211,run_2,fail,1,3,-0.0,0.0,1.0,1
plancraft,only_voting,VAL0214,run_0,fail,1,2,-0.0,0.0,1.0,1
plancraft,only_voting,VAL0214,run_1,fail,1,3,-0.0,0.0,1.0,1
plancraft,only_voting,VAL0214,run_2,fail,1,3,-0.0,0.0,1.0,1
plancraft,only_voting,VAL0229,run_0,fail,1,3,-0.0,0.0,1.0,1
plancraft,only_voting,VAL0229,run_1,fail,1,3,-0.0,0.0,1.0,1
plancraft,only_voting,VAL0229,run_2,success,2,3,0.9182958340544896,0.9182958340544896,0.6666666666666666,0
plancraft,only_voting,VAL0239,run_0,fail,1,1,-0.0,0.0,1.0,1
plancraft,only_voting,VAL0239,run_1,fail,1,2,-0.0,0.0,1.0,1
plancraft,only_voting,VAL0239,run_2,fail,2,4,0.8112781244591328,0.8112781244591328,0.75,0
plancraft,only_voting,VAL0274,run_0,success,1,3,-0.0,0.0,1.0,1
plancraft,only_voting,VAL0274,run_1,success,1,1,-0.0,0.0,1.0,1
plancraft,only_voting,VAL0274,run_2,fail,1,1,-0.0,0.0,1.0,1
plancraft,only_voting,VAL0338,run_0,fail,1,1,-0.0,0.0,1.0,1
plancraft,only_voting,VAL0338,run_1,fail,2,2,1.0,1.0,0.5,0
plancraft,only_voting,VAL0338,run_2,fail,2,3,0.9182958340544896,0.9182958340544896,0.6666666666666666,0
plancraft,only_voting,VAL0346,run_0,fail,1,1,-0.0,0.0,1.0,1
plancraft,only_voting,VAL0346,run_1,success,1,2,-0.0,0.0,1.0,1
plancraft,only_voting,VAL0346,run_2,fail,1,1,-0.0,0.0,1.0,1
plancraft,only_voting,VAL0381,run_0,success,2,4,1.0,1.0,0.5,0
plancraft,only_voting,VAL0381,run_1,success,2,4,0.8112781244591328,0.8112781244591328,0.75,0
plancraft,only_voting,VAL0381,run_2,success,1,3,-0.0,0.0,1.0,1
plancraft,only_voting,VAL0403,run_0,success,1,3,-0.0,0.0,1.0,1
plancraft,only_voting,VAL0403,run_1,fail,1,1,-0.0,0.0,1.0,1
plancraft,only_voting,VAL0403,run_2,success,1,4,-0.0,0.0,1.0,1
plancraft,only_voting,VAL0418,run_0,fail,1,3,-0.0,0.0,1.0,1
plancraft,only_voting,VAL0418,run_1,fail,1,2,-0.0,0.0,1.0,1
plancraft,only_voting,VAL0418,run_2,success,1,3,-0.0,0.0,1.0,1
plancraft,only_voting,VAL0448,run_0,success,2,4,1.0,1.0,0.5,0
plancraft,only_voting,VAL0448,run_1,success,1,4,-0.0,0.0,1.0,1
plancraft,only_voting,VAL0448,run_2,success,1,1,-0.0,0.0,1.0,1
plancraft,only_voting,VAL0451,run_0,success,1,3,-0.0,0.0,1.0,1
plancraft,only_voting,VAL0451,run_1,fail,3,4,1.5,0.9463946303571861,0.5,0
plancraft,only_voting,VAL0451,run_2,success,1,3,-0.0,0.0,1.0,1
plancraft,only_voting,VAL0461,run_0,fail,1,1,-0.0,0.0,1.0,1
plancraft,only_voting,VAL0461,run_1,fail,1,3,-0.0,0.0,1.0,1
plancraft,only_voting,VAL0461,run_2,fail,2,3,0.9182958340544896,0.9182958340544896,0.6666666666666666,0
plancraft,only_voting,VAL0485,run_0,fail,1,3,-0.0,0.0,1.0,1
plancraft,only_voting,VAL0485,run_1,success,2,4,1.0,1.0,0.5,0
plancraft,only_voting,VAL0485,run_2,fail,1,1,-0.0,0.0,1.0,1
plancraft,only_voting,VAL0491,run_0,success,1,3,-0.0,0.0,1.0,1
plancraft,only_voting,VAL0491,run_1,success,1,3,-0.0,0.0,1.0,1
plancraft,only_voting,VAL0491,run_2,success,1,4,-0.0,0.0,1.0,1
plancraft,only_voting,VAL0532,run_0,fail,2,3,0.9182958340544896,0.9182958340544896,0.6666666666666666,0
plancraft,only_voting,VAL0532,run_1,fail,2,3,0.9182958340544896,0.9182958340544896,0.6666666666666666,0
plancraft,only_voting,VAL0532,run_2,fail,2,4,0.8112781244591328,0.8112781244591328,0.75,0
plancraft,only_voting,VAL0596,run_0,fail,2,4,0.8112781244591328,0.8112781244591328,0.75,0
plancraft,only_voting,VAL0596,run_1,fail,1,1,-0.0,0.0,1.0,1
plancraft,only_voting,VAL0596,run_2,fail,1,3,-0.0,0.0,1.0,1
stabletoolbench,fully_linked_debate,1073,run_0,success,1,3,-0.0,0.0,1.0,1
stabletoolbench,fully_linked_debate,1073,run_1,success,1,3,-0.0,0.0,1.0,1
stabletoolbench,fully_linked_debate,1073,run_2,success,1,2,-0.0,0.0,1.0,1
stabletoolbench,fully_linked_debate,12204,run_0,fail,2,3,0.9182958340544896,0.9182958340544896,0.6666666666666666,0
stabletoolbench,fully_linked_debate,12204,run_1,fail,1,1,-0.0,0.0,1.0,1
stabletoolbench,fully_linked_debate,12204,run_2,fail,2,4,0.8112781244591328,0.8112781244591328,0.75,0
stabletoolbench,fully_linked_debate,13095,run_0,fail,2,3,0.9182958340544896,0.9182958340544896,0.6666666666666666,0
stabletoolbench,fully_linked_debate,13095,run_1,fail,1,3,-0.0,0.0,1.0,1
stabletoolbench,fully_linked_debate,13095,run_2,fail,2,3,0.9182958340544896,0.9182958340544896,0.6666666666666666,0
stabletoolbench,fully_linked_debate,15511,run_0,success,1,3,-0.0,0.0,1.0,1
stabletoolbench,fully_linked_debate,15511,run_1,success,1,4,-0.0,0.0,1.0,1
stabletoolbench,fully_linked_debate,15511,run_2,success,1,4,-0.0,0.0,1.0,1
stabletoolbench,fully_linked_debate,1572,run_0,fail,2,2,1.0,1.0,0.5,0
stabletoolbench,fully_linked_debate,1572,run_1,fail,2,4,0.8112781244591328,0.8112781244591328,0.75,0
stabletoolbench,fully_linked_debate,1572,run_2,fail,2,2,1.0,1.0,0.5,0
stabletoolbench,fully_linked_debate,16196,run_0,success,1,4,-0.0,0.0,1.0,1
stabletoolbench,fully_linked_debate,16196,run_1,success,1,2,-0.0,0.0,1.0,1
stabletoolbench,fully_linked_debate,16196,run_2,success,1,1,-0.0,0.0,1.0,1
stabletoolbench,fully_linked_debate,17223,run_0,success,1,3,-0.0,0.0,1.0,1
stabletoolbench,fully_linked_debate,17223,run_1,success,2,3,0.9182958340544896,0.9182958340544896,0.6666666666666666,0
stabletoolbench,fully_linked_debate,17223,run_2,fail,1,3,-0.0,0.0,1.0,1
stabletoolbench,fully_linked_debate,20704,run_0,success,2,4,1.0,1.0,0.5,0
stabletoolbench,fully_linked_debate,20704,run_1,fail,2,3,0.9182958340544896,0.9182958340544896,0.6666666666666666,0
stabletoolbench,fully_linked_debate,20704,run_2,success,2,3,0.9182958340544896,0.9182958340544896,0.6666666666666666,0
stabletoolbench,fully_linked_debate,21596,run_0,fail,1,2,-0.0,0.0,1.0,1
stabletoolbench,fully_linked_debate,21596,run_1,success,3,3,1.584962500721156,0.9999999999999999,0.3333333333333333,0
stabletoolbench,fully_linked_debate,21596,run_2,fail,1,2,-0.0,0.0,1.0,1
stabletoolbench,fully_linked_debate,22781,run_0,success,1,3,-0.0,0.0,1.0,1
stabletoolbench,fully_linked_debate,22781,run_1,fail,1,3,-0.0,0.0,1.0,1
stabletoolbench,fully_linked_debate,22781,run_2,fail,1,1,-0.0,0.0,1.0,1
stabletoolbench,fully_linked_debate,23163,run_0,fail,1,4,-0.0,0.0,1.0,1
stabletoolbench,fully_linked_debate,23163,run_1,fail,2,4,0.8112781244591328,0.8112781244591328,0.75,0
stabletoolbench,fully_linked_debate,23163,run_2,fail,1,1,-0.0,0.0,1.0,1
stabletoolbench,fully_linked_debate,23248,run_0,fail,1,4,-0.0,0.0,1.0,1
stabletoolbench,fully_linked_debate,23248,run_1,fail,2,4,1.0,1.0,0.5,0
stabletoolbench,fully_linked_debate,23248,run_2,fail,1,4,-0.0,0.0,1.0,1
stabletoolbench,fully_linked_debate,24810,run_0,fail,2,3,0.9182958340544896,0.9182958340544896,0.6666666666666666,0
stabletoolbench,fully_linked_debate,24810,run_1,fail,1,1,-0.0,0.0,1.0,1
stabletoolbench,fully_linked_debate,24810,run_2,fail,1,3,-0.0,0.0,1.0,1
stabletoolbench,fully_linked_debate,25052,run_0,fail,1,2,-0.0,0.0,1.0,1
stabletoolbench,fully_linked_debate,25052,run_1,fail,1,3,-0.0,0.0,1.0,1
stabletoolbench,fully_linked_debate,25052,run_2,fail,1,2,-0.0,0.0,1.0,1
stabletoolbench,fully_linked_debate,26063,run_0,fail,1,2,-0.0,0.0,1.0,1
stabletoolbench,fully_linked_debate,26063,run_1,fail,1,2,-0.0,0.0,1.0,1
stabletoolbench,fully_linked_debate,26063,run_2,fail,1,2,-0.0,0.0,1.0,1
stabletoolbench,fully_linked_debate,26752,run_0,fail,2,4,0.8112781244591328,0.8112781244591328,0.75,0
stabletoolbench,fully_linked_debate,26752,run_1,success,2,2,1.0,1.0,0.5,0
stabletoolbench,fully_linked_debate,26752,run_2,fail,1,1,-0.0,0.0,1.0,1
stabletoolbench,fully_linked_debate,26892,run_0,fail,1,1,-0.0,0.0,1.0,1
stabletoolbench,fully_linked_debate,26892,run_1,fail,3,3,1.584962500721156,0.9999999999999999,0.3333333333333333,0
stabletoolbench,fully_linked_debate,26892,run_2,fail,1,1,-0.0,0.0,1.0,1
stabletoolbench,fully_linked_debate,31117,run_0,fail,1,4,-0.0,0.0,1.0,1
stabletoolbench,fully_linked_debate,31117,run_1,success,1,1,-0.0,0.0,1.0,1
stabletoolbench,fully_linked_debate,31117,run_2,success,1,1,-0.0,0.0,1.0,1
stabletoolbench,fully_linked_debate,31402,run_0,fail,2,2,1.0,1.0,0.5,0
stabletoolbench,fully_linked_debate,31402,run_1,fail,1,2,-0.0,0.0,1.0,1
stabletoolbench,fully_linked_debate,31402,run_2,fail,1,2,-0.0,0.0,1.0,1
stabletoolbench,fully_linked_debate,32617,run_0,fail,1,2,-0.0,0.0,1.0,1
stabletoolbench,fully_linked_debate,32617,run_1,success,1,2,-0.0,0.0,1.0,1
stabletoolbench,fully_linked_debate,32617,run_2,fail,1,2,-0.0,0.0,1.0,1
stabletoolbench,fully_linked_debate,32807,run_0,fail,1,1,-0.0,0.0,1.0,1
stabletoolbench,fully_linked_debate,32807,run_1,fail,3,4,1.5,0.9463946303571861,0.5,0
stabletoolbench,fully_linked_debate,32807,run_2,fail,1,4,-0.0,0.0,1.0,1
stabletoolbench,fully_linked_debate,3308,run_0,success,1,1,-0.0,0.0,1.0,1
stabletoolbench,fully_linked_debate,3308,run_1,success,3,4,1.5,0.9463946303571861,0.5,0
stabletoolbench,fully_linked_debate,3308,run_2,success,2,4,0.8112781244591328,0.8112781244591328,0.75,0
stabletoolbench,fully_linked_debate,33112,run_0,fail,1,4,-0.0,0.0,1.0,1
stabletoolbench,fully_linked_debate,33112,run_1,success,1,3,-0.0,0.0,1.0,1
stabletoolbench,fully_linked_debate,33112,run_2,fail,1,1,-0.0,0.0,1.0,1
stabletoolbench,fully_linked_debate,3510,run_0,fail,2,3,0.9182958340544896,0.9182958340544896,0.6666666666666666,0
stabletoolbench,fully_linked_debate,3510,run_1,fail,2,2,1.0,1.0,0.5,0
stabletoolbench,fully_linked_debate,3510,run_2,fail,2,2,1.0,1.0,0.5,0
stabletoolbench,fully_linked_debate,4505,run_0,fail,2,2,1.0,1.0,0.5,0
stabletoolbench,fully_linked_debate,4505,run_1,success,1,3,-0.0,0.0,1.0,1
stabletoolbench,fully_linked_debate,4505,run_2,fail,1,4,-0.0,0.0,1.0,1
stabletoolbench,fully_linked_debate,5116,run_0,success,2,3,0.9182958340544896,0.9182958340544896,0.6666666666666666,0
stabletoolbench,fully_linked_debate,5116,run_1,fail,1,2,-0.0,0.0,1.0,1
stabletoolbench,fully_linked_debate,5116,run_2,fail,1,2,-0.0,0.0,1.0,1
stabletoolbench,fully_linked_debate,7497,run_0,fail,1,3,-0.0,0.0,1.0,1
stabletoolbench,fully_linked_debate,7497,run_1,success,1,3,-0.0,0.0,1.0,1
stabletoolbench,fully_linked_debate,7497,run_2,success,1,2,-0.0,0.0,1.0,1
stabletoolbench,fully_linked_debate,7658,run_0,fail,2,4,0.8112781244591328,0.8112781244591328,0.75,0
stabletoolbench,fully_linked_debate,7658,run_1,success,1,1,-0.0,0.0,1.0,1
stabletoolbench,fully_linked_debate,7658,run_2,fail,2,2,1.0,1.0,0.5,0
stabletoolbench,fully_linked_debate,8025,run_0,fail,3,4,1.5,0.9463946303571861,0.5,0
stabletoolbench,fully_linked_debate,8025,run_1,fail,1,4,-0.0,0.0,1.0,1
stabletoolbench,fully_linked_debate,8025,run_2,fail,1,4,-0.0,0.0,1.0,1
stabletoolbench,fully_linked_debate,9984,run_0,success,2,2,1.0,1.0,0.5,0
stabletoolbench,fully_linked_debate,9984,run_1,fail,2,4,1.0,1.0,0.5,0
stabletoolbench,fully_linked_debate,9984,run_2,success,3,3,1.584962500721156,0.9999999999999999,0.3333333333333333,0
stabletoolbench,group_chat_debate,1073,run_0,success,1,2,-0.0,0.0,1.0,1
stabletoolbench,group_chat_debate,1073,run_1,success,1,2,-0.0,0.0,1.0,1
stabletoolbench,group_chat_debate,1073,run_2,success,1,1,-0.0,0.0,1.0,1
stabletoolbench,group_chat_debate,12204,run_0,success,1,2,-0.0,0.0,1.0,1
stabletoolbench,group_chat_debate,12204,run_1,success,1,1,-0.0,0.0,1.0,1
stabletoolbench,group_chat_debate,12204,run_2,fail,1,2,-0.0,0.0,1.0,1
stabletoolbench,group_chat_debate,13095,run_0,success,1,1,-0.0,0.0,1.0,1
stabletoolbench,group_chat_debate,13095,run_1,success,1,1,-0.0,0.0,1.0,1
stabletoolbench,group_chat_debate,13095,run_2,success,1,1,-0.0,0.0,1.0,1
stabletoolbench,group_chat_debate,15511,run_0,success,1,2,-0.0,0.0,1.0,1
stabletoolbench,group_chat_debate,15511,run_1,success,1,2,-0.0,0.0,1.0,1
stabletoolbench,group_chat_debate,15511,run_2,success,1,2,-0.0,0.0,1.0,1
stabletoolbench,group_chat_debate,1572,run_0,fail,1,1,-0.0,0.0,1.0,1
stabletoolbench,group_chat_debate,1572,run_1,success,2,2,1.0,1.0,0.5,0
stabletoolbench,group_chat_debate,1572,run_2,fail,1,1,-0.0,0.0,1.0,1
stabletoolbench,group_chat_debate,16196,run_0,success,1,2,-0.0,0.0,1.0,1
stabletoolbench,group_chat_debate,16196,run_1,success,1,2,-0.0,0.0,1.0,1
stabletoolbench,group_chat_debate,16196,run_2,success,1,2,-0.0,0.0,1.0,1
stabletoolbench,group_chat_debate,17223,run_0,success,1,1,-0.0,0.0,1.0,1
stabletoolbench,group_chat_debate,17223,run_1,fail,1,2,-0.0,0.0,1.0,1
stabletoolbench,group_chat_debate,17223,run_2,success,1,1,-0.0,0.0,1.0,1
stabletoolbench,group_chat_debate,20704,run_0,success,1,2,-0.0,0.0,1.0,1
stabletoolbench,group_chat_debate,20704,run_1,success,2,2,1.0,1.0,0.5,0
stabletoolbench,group_chat_debate,20704,run_2,success,1,1,-0.0,0.0,1.0,1
stabletoolbench,group_chat_debate,21596,run_0,success,1,2,-0.0,0.0,1.0,1
stabletoolbench,group_chat_debate,21596,run_1,success,1,1,-0.0,0.0,1.0,1
stabletoolbench,group_chat_debate,21596,run_2,fail,2,2,1.0,1.0,0.5,0
stabletoolbench,group_chat_debate,22781,run_0,success,1,2,-0.0,0.0,1.0,1
stabletoolbench,group_chat_debate,22781,run_1,success,1,2,-0.0,0.0,1.0,1
stabletoolbench,group_chat_debate,22781,run_2,fail,1,2,-0.0,0.0,1.0,1
stabletoolbench,group_chat_debate,23163,run_0,fail,1,1,-0.0,0.0,1.0,1
stabletoolbench,group_chat_debate,23163,run_1,fail,1,2,-0.0,0.0,1.0,1
stabletoolbench,group_chat_debate,23163,run_2,fail,1,2,-0.0,0.0,1.0,1
stabletoolbench,group_chat_debate,23248,run_0,success,1,2,-0.0,0.0,1.0,1
stabletoolbench,group_chat_debate,23248,run_1,success,1,2,-0.0,0.0,1.0,1
stabletoolbench,group_chat_debate,23248,run_2,fail,1,2,-0.0,0.0,1.0,1
stabletoolbench,group_chat_debate,24810,run_0,fail,1,2,-0.0,0.0,1.0,1
stabletoolbench,group_chat_debate,24810,run_1,fail,1,1,-0.0,0.0,1.0,1
stabletoolbench,group_chat_debate,25052,run_0,fail,1,1,-0.0,0.0,1.0,1
stabletoolbench,group_chat_debate,25052,run_1,success,1,2,-0.0,0.0,1.0,1
stabletoolbench,group_chat_debate,25052,run_2,success,1,2,-0.0,0.0,1.0,1
stabletoolbench,group_chat_debate,26063,run_0,success,1,1,-0.0,0.0,1.0,1
stabletoolbench,group_chat_debate,26063,run_1,success,1,1,-0.0,0.0,1.0,1
stabletoolbench,group_chat_debate,26063,run_2,fail,1,1,-0.0,0.0,1.0,1
stabletoolbench,group_chat_debate,26752,run_0,success,1,2,-0.0,0.0,1.0,1
stabletoolbench,group_chat_debate,26752,run_1,fail,1,1,-0.0,0.0,1.0,1
stabletoolbench,group_chat_debate,26752,run_2,success,1,2,-0.0,0.0,1.0,1
stabletoolbench,group_chat_debate,26892,run_1,success,2,2,1.0,1.0,0.5,0
stabletoolbench,group_chat_debate,26892,run_2,fail,1,1,-0.0,0.0,1.0,1
stabletoolbench,group_chat_debate,31117,run_0,success,1,2,-0.0,0.0,1.0,1
stabletoolbench,group_chat_debate,31117,run_1,success,1,2,-0.0,0.0,1.0,1
stabletoolbench,group_chat_debate,31117,run_2,fail,1,2,-0.0,0.0,1.0,1
stabletoolbench,group_chat_debate,31402,run_0,success,1,1,-0.0,0.0,1.0,1
stabletoolbench,group_chat_debate,31402,run_1,success,1,2,-0.0,0.0,1.0,1
stabletoolbench,group_chat_debate,31402,run_2,success,1,1,-0.0,0.0,1.0,1
stabletoolbench,group_chat_debate,32617,run_0,fail,1,2,-0.0,0.0,1.0,1
stabletoolbench,group_chat_debate,32617,run_1,success,1,2,-0.0,0.0,1.0,1
stabletoolbench,group_chat_debate,32617,run_2,success,2,2,1.0,1.0,0.5,0
stabletoolbench,group_chat_debate,32807,run_0,fail,1,1,-0.0,0.0,1.0,1
stabletoolbench,group_chat_debate,32807,run_1,success,1,2,-0.0,0.0,1.0,1
stabletoolbench,group_chat_debate,32807,run_2,fail,1,1,-0.0,0.0,1.0,1
stabletoolbench,group_chat_debate,3308,run_0,success,1,2,-0.0,0.0,1.0,1
stabletoolbench,group_chat_debate,3308,run_1,success,1,1,-0.0,0.0,1.0,1
stabletoolbench,group_chat_debate,3308,run_2,success,1,2,-0.0,0.0,1.0,1
stabletoolbench,group_chat_debate,33112,run_0,fail,1,2,-0.0,0.0,1.0,1
stabletoolbench,group_chat_debate,33112,run_1,success,1,2,-0.0,0.0,1.0,1
stabletoolbench,group_chat_debate,33112,run_2,fail,1,2,-0.0,0.0,1.0,1
stabletoolbench,group_chat_debate,3510,run_0,fail,1,2,-0.0,0.0,1.0,1
stabletoolbench,group_chat_debate,3510,run_1,fail,1,2,-0.0,0.0,1.0,1
stabletoolbench,group_chat_debate,3510,run_2,fail,1,1,-0.0,0.0,1.0,1
stabletoolbench,group_chat_debate,4505,run_0,fail,1,2,-0.0,0.0,1.0,1
stabletoolbench,group_chat_debate,4505,run_1,fail,1,2,-0.0,0.0,1.0,1
stabletoolbench,group_chat_debate,4505,run_2,success,1,1,-0.0,0.0,1.0,1
stabletoolbench,group_chat_debate,5116,run_0,fail,1,2,-0.0,0.0,1.0,1
stabletoolbench,group_chat_debate,5116,run_1,fail,2,2,1.0,1.0,0.5,0
stabletoolbench,group_chat_debate,5116,run_2,success,1,1,-0.0,0.0,1.0,1
stabletoolbench,group_chat_debate,7497,run_0,fail,1,1,-0.0,0.0,1.0,1
stabletoolbench,group_chat_debate,7497,run_1,fail,1,2,-0.0,0.0,1.0,1
stabletoolbench,group_chat_debate,7497,run_2,success,1,2,-0.0,0.0,1.0,1
stabletoolbench,group_chat_debate,7658,run_0,fail,1,1,-0.0,0.0,1.0,1
stabletoolbench,group_chat_debate,7658,run_1,success,1,2,-0.0,0.0,1.0,1
stabletoolbench,group_chat_debate,7658,run_2,fail,1,2,-0.0,0.0,1.0,1
stabletoolbench,group_chat_debate,8025,run_0,fail,1,2,-0.0,0.0,1.0,1
stabletoolbench,group_chat_debate,8025,run_1,fail,1,2,-0.0,0.0,1.0,1
stabletoolbench,group_chat_debate,8025,run_2,fail,1,2,-0.0,0.0,1.0,1
stabletoolbench,group_chat_debate,9984,run_0,success,1,2,-0.0,0.0,1.0,1
stabletoolbench,group_chat_debate,9984,run_1,success,1,2,-0.0,0.0,1.0,1
stabletoolbench,group_chat_debate,9984,run_2,fail,1,1,-0.0,0.0,1.0,1
stabletoolbench,only_voting,1073,run_0,success,2,3,0.9182958340544896,0.9182958340544896,0.6666666666666666,0
stabletoolbench,only_voting,1073,run_1,success,1,3,-0.0,0.0,1.0,1
stabletoolbench,only_voting,1073,run_2,success,1,1,-0.0,0.0,1.0,1
stabletoolbench,only_voting,12204,run_0,fail,1,1,-0.0,0.0,1.0,1
stabletoolbench,only_voting,12204,run_1,fail,2,2,1.0,1.0,0.5,0
stabletoolbench,only_voting,12204,run_2,fail,2,2,1.0,1.0,0.5,0
stabletoolbench,only_voting,13095,run_0,fail,2,2,1.0,1.0,0.5,0
stabletoolbench,only_voting,13095,run_1,fail,1,1,-0.0,0.0,1.0,1
stabletoolbench,only_voting,13095,run_2,fail,1,1,-0.0,0.0,1.0,1
stabletoolbench,only_voting,15511,run_0,success,1,1,-0.0,0.0,1.0,1
stabletoolbench,only_voting,15511,run_1,fail,1,3,-0.0,0.0,1.0,1
stabletoolbench,only_voting,15511,run_2,success,1,3,-0.0,0.0,1.0,1
stabletoolbench,only_voting,1572,run_0,fail,2,3,0.9182958340544896,0.9182958340544896,0.6666666666666666,0
stabletoolbench,only_voting,1572,run_1,success,1,1,-0.0,0.0,1.0,1
stabletoolbench,only_voting,1572,run_2,success,2,2,1.0,1.0,0.5,0
stabletoolbench,only_voting,16196,run_0,success,2,2,1.0,1.0,0.5,0
stabletoolbench,only_voting,16196,run_1,success,1,3,-0.0,0.0,1.0,1
stabletoolbench,only_voting,16196,run_2,success,1,3,-0.0,0.0,1.0,1
stabletoolbench,only_voting,17223,run_0,success,2,3,0.9182958340544896,0.9182958340544896,0.6666666666666666,0
stabletoolbench,only_voting,17223,run_1,fail,1,1,-0.0,0.0,1.0,1
stabletoolbench,only_voting,17223,run_2,success,2,3,0.9182958340544896,0.9182958340544896,0.6666666666666666,0
stabletoolbench,only_voting,20704,run_0,fail,2,3,0.9182958340544896,0.9182958340544896,0.6666666666666666,0
stabletoolbench,only_voting,20704,run_1,success,3,3,1.584962500721156,0.9999999999999999,0.3333333333333333,0
stabletoolbench,only_voting,20704,run_2,success,1,1,-0.0,0.0,1.0,1
stabletoolbench,only_voting,21596,run_0,fail,2,3,0.9182958340544896,0.9182958340544896,0.6666666666666666,0
stabletoolbench,only_voting,21596,run_1,success,1,3,-0.0,0.0,1.0,1
stabletoolbench,only_voting,21596,run_2,fail,2,3,0.9182958340544896,0.9182958340544896,0.6666666666666666,0
stabletoolbench,only_voting,22781,run_0,fail,2,3,0.9182958340544896,0.9182958340544896,0.6666666666666666,0
stabletoolbench,only_voting,22781,run_1,fail,1,1,-0.0,0.0,1.0,1
stabletoolbench,only_voting,22781,run_2,fail,1,3,-0.0,0.0,1.0,1
stabletoolbench,only_voting,23163,run_0,success,1,3,-0.0,0.0,1.0,1
stabletoolbench,only_voting,23163,run_1,fail,2,3,0.9182958340544896,0.9182958340544896,0.6666666666666666,0
stabletoolbench,only_voting,23163,run_2,fail,1,3,-0.0,0.0,1.0,1
stabletoolbench,only_voting,23248,run_0,fail,2,2,1.0,1.0,0.5,0
stabletoolbench,only_voting,23248,run_1,fail,1,1,-0.0,0.0,1.0,1
stabletoolbench,only_voting,23248,run_2,fail,2,4,0.8112781244591328,0.8112781244591328,0.75,0
stabletoolbench,only_voting,24810,run_0,fail,2,3,0.9182958340544896,0.9182958340544896,0.6666666666666666,0
stabletoolbench,only_voting,24810,run_1,fail,1,3,-0.0,0.0,1.0,1
stabletoolbench,only_voting,24810,run_2,success,1,2,-0.0,0.0,1.0,1
stabletoolbench,only_voting,25052,run_0,fail,1,2,-0.0,0.0,1.0,1
stabletoolbench,only_voting,25052,run_1,fail,1,2,-0.0,0.0,1.0,1
stabletoolbench,only_voting,25052,run_2,success,1,2,-0.0,0.0,1.0,1
stabletoolbench,only_voting,26063,run_0,fail,1,1,-0.0,0.0,1.0,1
stabletoolbench,only_voting,26063,run_1,success,2,3,0.9182958340544896,0.9182958340544896,0.6666666666666666,0
stabletoolbench,only_voting,26063,run_2,success,1,1,-0.0,0.0,1.0,1
stabletoolbench,only_voting,26752,run_0,fail,2,3,0.9182958340544896,0.9182958340544896,0.6666666666666666,0
stabletoolbench,only_voting,26752,run_1,fail,1,1,-0.0,0.0,1.0,1
stabletoolbench,only_voting,26752,run_2,fail,1,3,-0.0,0.0,1.0,1
stabletoolbench,only_voting,26892,run_0,fail,1,1,-0.0,0.0,1.0,1
stabletoolbench,only_voting,26892,run_1,success,2,4,0.8112781244591328,0.8112781244591328,0.75,0
stabletoolbench,only_voting,26892,run_2,fail,2,3,0.9182958340544896,0.9182958340544896,0.6666666666666666,0
stabletoolbench,only_voting,31117,run_0,fail,1,1,-0.0,0.0,1.0,1
stabletoolbench,only_voting,31117,run_1,fail,1,1,-0.0,0.0,1.0,1
stabletoolbench,only_voting,31117,run_2,fail,2,4,0.8112781244591328,0.8112781244591328,0.75,0
stabletoolbench,only_voting,31402,run_0,fail,1,2,-0.0,0.0,1.0,1
stabletoolbench,only_voting,31402,run_1,fail,2,3,0.9182958340544896,0.9182958340544896,0.6666666666666666,0
stabletoolbench,only_voting,31402,run_2,fail,1,1,-0.0,0.0,1.0,1
stabletoolbench,only_voting,32617,run_0,success,1,2,-0.0,0.0,1.0,1
stabletoolbench,only_voting,32617,run_1,fail,1,3,-0.0,0.0,1.0,1
stabletoolbench,only_voting,32617,run_2,success,1,3,-0.0,0.0,1.0,1
stabletoolbench,only_voting,32807,run_0,fail,2,3,0.9182958340544896,0.9182958340544896,0.6666666666666666,0
stabletoolbench,only_voting,32807,run_1,success,2,3,0.9182958340544896,0.9182958340544896,0.6666666666666666,0
stabletoolbench,only_voting,32807,run_2,success,2,3,0.9182958340544896,0.9182958340544896,0.6666666666666666,0
stabletoolbench,only_voting,3308,run_0,success,2,4,1.0,1.0,0.5,0
stabletoolbench,only_voting,3308,run_1,success,2,4,1.0,1.0,0.5,0
stabletoolbench,only_voting,3308,run_2,fail,2,3,0.9182958340544896,0.9182958340544896,0.6666666666666666,0
stabletoolbench,only_voting,33112,run_0,success,2,3,0.9182958340544896,0.9182958340544896,0.6666666666666666,0
stabletoolbench,only_voting,33112,run_1,fail,2,3,0.9182958340544896,0.9182958340544896,0.6666666666666666,0
stabletoolbench,only_voting,33112,run_2,fail,2,3,0.9182958340544896,0.9182958340544896,0.6666666666666666,0
stabletoolbench,only_voting,3510,run_0,fail,1,2,-0.0,0.0,1.0,1
stabletoolbench,only_voting,3510,run_1,fail,2,3,0.9182958340544896,0.9182958340544896,0.6666666666666666,0
stabletoolbench,only_voting,3510,run_2,fail,2,3,0.9182958340544896,0.9182958340544896,0.6666666666666666,0
stabletoolbench,only_voting,4505,run_0,success,1,1,-0.0,0.0,1.0,1
stabletoolbench,only_voting,4505,run_1,fail,1,1,-0.0,0.0,1.0,1
stabletoolbench,only_voting,4505,run_2,fail,1,1,-0.0,0.0,1.0,1
stabletoolbench,only_voting,5116,run_0,fail,3,3,1.584962500721156,0.9999999999999999,0.3333333333333333,0
stabletoolbench,only_voting,5116,run_1,fail,2,2,1.0,1.0,0.5,0
stabletoolbench,only_voting,5116,run_2,fail,1,1,-0.0,0.0,1.0,1
stabletoolbench,only_voting,7497,run_0,success,2,4,1.0,1.0,0.5,0
stabletoolbench,only_voting,7497,run_1,fail,2,3,0.9182958340544896,0.9182958340544896,0.6666666666666666,0
stabletoolbench,only_voting,7497,run_2,success,1,3,-0.0,0.0,1.0,1
stabletoolbench,only_voting,7658,run_0,fail,2,2,1.0,1.0,0.5,0
stabletoolbench,only_voting,7658,run_1,fail,1,3,-0.0,0.0,1.0,1
stabletoolbench,only_voting,7658,run_2,success,1,1,-0.0,0.0,1.0,1
stabletoolbench,only_voting,8025,run_0,fail,1,4,-0.0,0.0,1.0,1
stabletoolbench,only_voting,8025,run_1,fail,1,1,-0.0,0.0,1.0,1
stabletoolbench,only_voting,8025,run_2,fail,1,3,-0.0,0.0,1.0,1
stabletoolbench,only_voting,9984,run_0,success,2,3,0.9182958340544896,0.9182958340544896,0.6666666666666666,0
stabletoolbench,only_voting,9984,run_1,success,1,1,-0.0,0.0,1.0,1
stabletoolbench,only_voting,9984,run_2,success,1,2,-0.0,0.0,1.0,1
workbench,fully_linked_debate,multi_domain_0,run_0,fail,1,3,-0.0,0.0,1.0,1
workbench,fully_linked_debate,multi_domain_0,run_1,fail,1,1,-0.0,0.0,1.0,1
workbench,fully_linked_debate,multi_domain_0,run_2,fail,1,4,-0.0,0.0,1.0,1
workbench,fully_linked_debate,multi_domain_1,run_0,fail,1,1,-0.0,0.0,1.0,1
workbench,fully_linked_debate,multi_domain_1,run_1,fail,1,4,-0.0,0.0,1.0,1
workbench,fully_linked_debate,multi_domain_1,run_2,fail,1,3,-0.0,0.0,1.0,1
workbench,fully_linked_debate,multi_domain_10,run_0,fail,1,3,-0.0,0.0,1.0,1
workbench,fully_linked_debate,multi_domain_10,run_1,fail,2,2,1.0,1.0,0.5,0
workbench,fully_linked_debate,multi_domain_10,run_2,fail,2,3,0.9182958340544896,0.9182958340544896,0.6666666666666666,0
workbench,fully_linked_debate,multi_domain_11,run_0,fail,1,2,-0.0,0.0,1.0,1
workbench,fully_linked_debate,multi_domain_11,run_1,fail,2,3,0.9182958340544896,0.9182958340544896,0.6666666666666666,0
workbench,fully_linked_debate,multi_domain_11,run_2,fail,2,2,1.0,1.0,0.5,0
workbench,fully_linked_debate,multi_domain_12,run_0,fail,1,3,-0.0,0.0,1.0,1
workbench,fully_linked_debate,multi_domain_12,run_1,fail,1,2,-0.0,0.0,1.0,1
workbench,fully_linked_debate,multi_domain_12,run_2,fail,2,2,1.0,1.0,0.5,0
workbench,fully_linked_debate,multi_domain_13,run_0,fail,2,3,0.9182958340544896,0.9182958340544896,0.6666666666666666,0
workbench,fully_linked_debate,multi_domain_13,run_1,fail,1,3,-0.0,0.0,1.0,1
workbench,fully_linked_debate,multi_domain_13,run_2,fail,2,4,1.0,1.0,0.5,0
workbench,fully_linked_debate,multi_domain_14,run_0,fail,1,3,-0.0,0.0,1.0,1
workbench,fully_linked_debate,multi_domain_14,run_1,fail,2,2,1.0,1.0,0.5,0
workbench,fully_linked_debate,multi_domain_14,run_2,fail,1,3,-0.0,0.0,1.0,1
workbench,fully_linked_debate,multi_domain_15,run_0,fail,1,3,-0.0,0.0,1.0,1
workbench,fully_linked_debate,multi_domain_15,run_1,fail,1,1,-0.0,0.0,1.0,1
workbench,fully_linked_debate,multi_domain_15,run_2,fail,1,4,-0.0,0.0,1.0,1
workbench,fully_linked_debate,multi_domain_16,run_0,fail,2,4,0.8112781244591328,0.8112781244591328,0.75,0
workbench,fully_linked_debate,multi_domain_16,run_1,fail,1,4,-0.0,0.0,1.0,1
workbench,fully_linked_debate,multi_domain_16,run_2,fail,1,1,-0.0,0.0,1.0,1
workbench,fully_linked_debate,multi_domain_17,run_0,fail,2,4,0.8112781244591328,0.8112781244591328,0.75,0
workbench,fully_linked_debate,multi_domain_17,run_1,fail,1,2,-0.0,0.0,1.0,1
workbench,fully_linked_debate,multi_domain_17,run_2,fail,1,4,-0.0,0.0,1.0,1
workbench,fully_linked_debate,multi_domain_18,run_0,fail,1,2,-0.0,0.0,1.0,1
workbench,fully_linked_debate,multi_domain_18,run_1,fail,2,4,0.8112781244591328,0.8112781244591328,0.75,0
workbench,fully_linked_debate,multi_domain_18,run_2,fail,1,3,-0.0,0.0,1.0,1
workbench,fully_linked_debate,multi_domain_19,run_0,fail,2,3,0.9182958340544896,0.9182958340544896,0.6666666666666666,0
workbench,fully_linked_debate,multi_domain_19,run_1,fail,2,3,0.9182958340544896,0.9182958340544896,0.6666666666666666,0
workbench,fully_linked_debate,multi_domain_19,run_2,fail,2,2,1.0,1.0,0.5,0
workbench,fully_linked_debate,multi_domain_2,run_0,success,1,2,-0.0,0.0,1.0,1
workbench,fully_linked_debate,multi_domain_2,run_1,success,1,4,-0.0,0.0,1.0,1
workbench,fully_linked_debate,multi_domain_2,run_2,success,1,1,-0.0,0.0,1.0,1
workbench,fully_linked_debate,multi_domain_20,run_0,fail,2,3,0.9182958340544896,0.9182958340544896,0.6666666666666666,0
workbench,fully_linked_debate,multi_domain_20,run_1,success,1,3,-0.0,0.0,1.0,1
workbench,fully_linked_debate,multi_domain_20,run_2,fail,3,4,1.5,0.9463946303571861,0.5,0
workbench,fully_linked_debate,multi_domain_21,run_0,fail,1,3,-0.0,0.0,1.0,1
workbench,fully_linked_debate,multi_domain_21,run_1,fail,2,3,0.9182958340544896,0.9182958340544896,0.6666666666666666,0
workbench,fully_linked_debate,multi_domain_21,run_2,fail,1,3,-0.0,0.0,1.0,1
workbench,fully_linked_debate,multi_domain_22,run_0,fail,2,4,0.8112781244591328,0.8112781244591328,0.75,0
workbench,fully_linked_debate,multi_domain_22,run_1,fail,1,3,-0.0,0.0,1.0,1
workbench,fully_linked_debate,multi_domain_22,run_2,success,2,3,0.9182958340544896,0.9182958340544896,0.6666666666666666,0
workbench,fully_linked_debate,multi_domain_23,run_0,fail,2,2,1.0,1.0,0.5,0
workbench,fully_linked_debate,multi_domain_23,run_1,fail,2,4,0.8112781244591328,0.8112781244591328,0.75,0
workbench,fully_linked_debate,multi_domain_23,run_2,fail,1,4,-0.0,0.0,1.0,1
workbench,fully_linked_debate,multi_domain_24,run_0,fail,1,1,-0.0,0.0,1.0,1
workbench,fully_linked_debate,multi_domain_24,run_1,fail,1,3,-0.0,0.0,1.0,1
workbench,fully_linked_debate,multi_domain_24,run_2,fail,1,4,-0.0,0.0,1.0,1
workbench,fully_linked_debate,multi_domain_25,run_0,fail,1,2,-0.0,0.0,1.0,1
workbench,fully_linked_debate,multi_domain_25,run_1,fail,2,4,0.8112781244591328,0.8112781244591328,0.75,0
workbench,fully_linked_debate,multi_domain_25,run_2,fail,1,3,-0.0,0.0,1.0,1
workbench,fully_linked_debate,multi_domain_26,run_0,fail,1,3,-0.0,0.0,1.0,1
workbench,fully_linked_debate,multi_domain_26,run_1,fail,1,2,-0.0,0.0,1.0,1
workbench,fully_linked_debate,multi_domain_26,run_2,fail,1,3,-0.0,0.0,1.0,1
workbench,fully_linked_debate,multi_domain_27,run_0,fail,1,4,-0.0,0.0,1.0,1
workbench,fully_linked_debate,multi_domain_27,run_1,fail,1,3,-0.0,0.0,1.0,1
workbench,fully_linked_debate,multi_domain_27,run_2,fail,2,3,0.9182958340544896,0.9182958340544896,0.6666666666666666,0
workbench,fully_linked_debate,multi_domain_28,run_0,success,1,3,-0.0,0.0,1.0,1
workbench,fully_linked_debate,multi_domain_28,run_1,fail,1,3,-0.0,0.0,1.0,1
workbench,fully_linked_debate,multi_domain_28,run_2,fail,2,3,0.9182958340544896,0.9182958340544896,0.6666666666666666,0
workbench,fully_linked_debate,multi_domain_29,run_0,fail,1,2,-0.0,0.0,1.0,1
workbench,fully_linked_debate,multi_domain_29,run_1,success,1,2,-0.0,0.0,1.0,1
workbench,fully_linked_debate,multi_domain_29,run_2,fail,1,1,-0.0,0.0,1.0,1
workbench,fully_linked_debate,multi_domain_3,run_0,fail,1,3,-0.0,0.0,1.0,1
workbench,fully_linked_debate,multi_domain_3,run_1,fail,1,1,-0.0,0.0,1.0,1
workbench,fully_linked_debate,multi_domain_3,run_2,fail,1,1,-0.0,0.0,1.0,1
workbench,fully_linked_debate,multi_domain_4,run_0,success,1,3,-0.0,0.0,1.0,1
workbench,fully_linked_debate,multi_domain_4,run_1,success,2,3,0.9182958340544896,0.9182958340544896,0.6666666666666666,0
workbench,fully_linked_debate,multi_domain_4,run_2,success,1,1,-0.0,0.0,1.0,1
workbench,fully_linked_debate,multi_domain_5,run_0,success,2,4,0.8112781244591328,0.8112781244591328,0.75,0
workbench,fully_linked_debate,multi_domain_5,run_1,success,1,1,-0.0,0.0,1.0,1
workbench,fully_linked_debate,multi_domain_5,run_2,success,2,4,0.8112781244591328,0.8112781244591328,0.75,0
workbench,fully_linked_debate,multi_domain_6,run_0,fail,1,4,-0.0,0.0,1.0,1
workbench,fully_linked_debate,multi_domain_6,run_1,fail,2,2,1.0,1.0,0.5,0
workbench,fully_linked_debate,multi_domain_6,run_2,fail,1,3,-0.0,0.0,1.0,1
workbench,fully_linked_debate,multi_domain_7,run_0,fail,1,4,-0.0,0.0,1.0,1
workbench,fully_linked_debate,multi_domain_7,run_1,fail,1,1,-0.0,0.0,1.0,1
workbench,fully_linked_debate,multi_domain_7,run_2,fail,1,1,-0.0,0.0,1.0,1
workbench,fully_linked_debate,multi_domain_8,run_0,success,1,1,-0.0,0.0,1.0,1
workbench,fully_linked_debate,multi_domain_8,run_1,success,1,4,-0.0,0.0,1.0,1
workbench,fully_linked_debate,multi_domain_8,run_2,success,2,3,0.9182958340544896,0.9182958340544896,0.6666666666666666,0
workbench,fully_linked_debate,multi_domain_9,run_0,fail,1,4,-0.0,0.0,1.0,1
workbench,fully_linked_debate,multi_domain_9,run_1,fail,1,2,-0.0,0.0,1.0,1
workbench,fully_linked_debate,multi_domain_9,run_2,fail,2,4,0.8112781244591328,0.8112781244591328,0.75,0
workbench,group_chat_debate,multi_domain_0,run_0,fail,1,2,-0.0,0.0,1.0,1
workbench,group_chat_debate,multi_domain_0,run_1,fail,1,1,-0.0,0.0,1.0,1
workbench,group_chat_debate,multi_domain_0,run_2,fail,1,2,-0.0,0.0,1.0,1
workbench,group_chat_debate,multi_domain_1,run_0,fail,1,2,-0.0,0.0,1.0,1
workbench,group_chat_debate,multi_domain_1,run_1,fail,1,2,-0.0,0.0,1.0,1
workbench,group_chat_debate,multi_domain_1,run_2,fail,1,2,-0.0,0.0,1.0,1
workbench,group_chat_debate,multi_domain_10,run_0,fail,1,2,-0.0,0.0,1.0,1
workbench,group_chat_debate,multi_domain_10,run_1,fail,1,2,-0.0,0.0,1.0,1
workbench,group_chat_debate,multi_domain_10,run_2,fail,1,1,-0.0,0.0,1.0,1
workbench,group_chat_debate,multi_domain_11,run_0,fail,1,2,-0.0,0.0,1.0,1
workbench,group_chat_debate,multi_domain_11,run_1,fail,1,1,-0.0,0.0,1.0,1
workbench,group_chat_debate,multi_domain_11,run_2,fail,1,1,-0.0,0.0,1.0,1
workbench,group_chat_debate,multi_domain_12,run_0,fail,1,1,-0.0,0.0,1.0,1
workbench,group_chat_debate,multi_domain_12,run_1,fail,1,2,-0.0,0.0,1.0,1
workbench,group_chat_debate,multi_domain_12,run_2,fail,1,2,-0.0,0.0,1.0,1
workbench,group_chat_debate,multi_domain_13,run_0,fail,1,2,-0.0,0.0,1.0,1
workbench,group_chat_debate,multi_domain_13,run_1,fail,1,1,-0.0,0.0,1.0,1
workbench,group_chat_debate,multi_domain_13,run_2,fail,1,2,-0.0,0.0,1.0,1
workbench,group_chat_debate,multi_domain_14,run_0,fail,1,2,-0.0,0.0,1.0,1
workbench,group_chat_debate,multi_domain_14,run_1,fail,1,1,-0.0,0.0,1.0,1
workbench,group_chat_debate,multi_domain_14,run_2,fail,1,2,-0.0,0.0,1.0,1
workbench,group_chat_debate,multi_domain_15,run_0,fail,1,2,-0.0,0.0,1.0,1
workbench,group_chat_debate,multi_domain_15,run_1,fail,1,2,-0.0,0.0,1.0,1
workbench,group_chat_debate,multi_domain_15,run_2,fail,1,2,-0.0,0.0,1.0,1
workbench,group_chat_debate,multi_domain_16,run_0,fail,1,1,-0.0,0.0,1.0,1
workbench,group_chat_debate,multi_domain_16,run_1,fail,1,2,-0.0,0.0,1.0,1
workbench,group_chat_debate,multi_domain_16,run_2,fail,2,2,1.0,1.0,0.5,0
workbench,group_chat_debate,multi_domain_17,run_0,fail,1,1,-0.0,0.0,1.0,1
workbench,group_chat_debate,multi_domain_17,run_1,fail,1,2,-0.0,0.0,1.0,1
workbench,group_chat_debate,multi_domain_17,run_2,fail,1,2,-0.0,0.0,1.0,1
workbench,group_chat_debate,multi_domain_18,run_0,fail,1,2,-0.0,0.0,1.0,1
workbench,group_chat_debate,multi_domain_18,run_1,fail,1,1,-0.0,0.0,1.0,1
workbench,group_chat_debate,multi_domain_18,run_2,fail,1,1,-0.0,0.0,1.0,1
workbench,group_chat_debate,multi_domain_19,run_0,fail,1,2,-0.0,0.0,1.0,1
workbench,group_chat_debate,multi_domain_19,run_1,fail,2,2,1.0,1.0,0.5,0
workbench,group_chat_debate,multi_domain_19,run_2,fail,1,2,-0.0,0.0,1.0,1
workbench,group_chat_debate,multi_domain_2,run_0,success,1,2,-0.0,0.0,1.0,1
workbench,group_chat_debate,multi_domain_2,run_1,success,1,1,-0.0,0.0,1.0,1
workbench,group_chat_debate,multi_domain_2,run_2,success,1,2,-0.0,0.0,1.0,1
workbench,group_chat_debate,multi_domain_20,run_0,fail,1,2,-0.0,0.0,1.0,1
workbench,group_chat_debate,multi_domain_20,run_1,fail,1,2,-0.0,0.0,1.0,1
workbench,group_chat_debate,multi_domain_20,run_2,success,1,2,-0.0,0.0,1.0,1
workbench,group_chat_debate,multi_domain_21,run_0,fail,1,1,-0.0,0.0,1.0,1
workbench,group_chat_debate,multi_domain_21,run_1,fail,1,2,-0.0,0.0,1.0,1
workbench,group_chat_debate,multi_domain_21,run_2,fail,1,1,-0.0,0.0,1.0,1
workbench,group_chat_debate,multi_domain_22,run_0,fail,1,2,-0.0,0.0,1.0,1
workbench,group_chat_debate,multi_domain_22,run_1,fail,1,2,-0.0,0.0,1.0,1
workbench,group_chat_debate,multi_domain_22,run_2,fail,1,2,-0.0,0.0,1.0,1
workbench,group_chat_debate,multi_domain_23,run_0,fail,1,1,-0.0,0.0,1.0,1
workbench,group_chat_debate,multi_domain_23,run_1,fail,1,1,-0.0,0.0,1.0,1
workbench,group_chat_debate,multi_domain_23,run_2,fail,1,1,-0.0,0.0,1.0,1
workbench,group_chat_debate,multi_domain_24,run_0,fail,1,2,-0.0,0.0,1.0,1
workbench,group_chat_debate,multi_domain_24,run_1,success,1,2,-0.0,0.0,1.0,1
workbench,group_chat_debate,multi_domain_24,run_2,fail,1,1,-0.0,0.0,1.0,1
workbench,group_chat_debate,multi_domain_25,run_0,success,1,2,-0.0,0.0,1.0,1
workbench,group_chat_debate,multi_domain_25,run_1,fail,1,1,-0.0,0.0,1.0,1
workbench,group_chat_debate,multi_domain_25,run_2,success,1,1,-0.0,0.0,1.0,1
workbench,group_chat_debate,multi_domain_26,run_0,fail,1,1,-0.0,0.0,1.0,1
workbench,group_chat_debate,multi_domain_26,run_1,fail,1,2,-0.0,0.0,1.0,1
workbench,group_chat_debate,multi_domain_26,run_2,fail,1,2,-0.0,0.0,1.0,1
workbench,group_chat_debate,multi_domain_27,run_0,fail,1,2,-0.0,0.0,1.0,1
workbench,group_chat_debate,multi_domain_27,run_1,fail,1,2,-0.0,0.0,1.0,1
workbench,group_chat_debate,multi_domain_27,run_2,fail,1,1,-0.0,0.0,1.0,1
workbench,group_chat_debate,multi_domain_28,run_0,fail,1,2,-0.0,0.0,1.0,1
workbench,group_chat_debate,multi_domain_28,run_1,fail,1,2,-0.0,0.0,1.0,1
workbench,group_chat_debate,multi_domain_28,run_2,fail,1,2,-0.0,0.0,1.0,1
workbench,group_chat_debate,multi_domain_29,run_0,fail,1,2,-0.0,0.0,1.0,1
workbench,group_chat_debate,multi_domain_29,run_1,success,1,2,-0.0,0.0,1.0,1
workbench,group_chat_debate,multi_domain_29,run_2,success,1,2,-0.0,0.0,1.0,1
workbench,group_chat_debate,multi_domain_3,run_0,fail,1,2,-0.0,0.0,1.0,1
workbench,group_chat_debate,multi_domain_3,run_1,fail,1,1,-0.0,0.0,1.0,1
workbench,group_chat_debate,multi_domain_3,run_2,fail,1,2,-0.0,0.0,1.0,1
workbench,group_chat_debate,multi_domain_4,run_0,success,1,2,-0.0,0.0,1.0,1
workbench,group_chat_debate,multi_domain_4,run_1,success,1,2,-0.0,0.0,1.0,1
workbench,group_chat_debate,multi_domain_4,run_2,success,1,2,-0.0,0.0,1.0,1
workbench,group_chat_debate,multi_domain_5,run_0,success,1,2,-0.0,0.0,1.0,1
workbench,group_chat_debate,multi_domain_5,run_1,success,1,2,-0.0,0.0,1.0,1
workbench,group_chat_debate,multi_domain_5,run_2,success,1,2,-0.0,0.0,1.0,1
workbench,group_chat_debate,multi_domain_6,run_0,fail,1,2,-0.0,0.0,1.0,1
workbench,group_chat_debate,multi_domain_6,run_1,fail,1,2,-0.0,0.0,1.0,1
workbench,group_chat_debate,multi_domain_6,run_2,fail,1,2,-0.0,0.0,1.0,1
workbench,group_chat_debate,multi_domain_7,run_0,fail,1,2,-0.0,0.0,1.0,1
workbench,group_chat_debate,multi_domain_7,run_1,fail,1,2,-0.0,0.0,1.0,1
workbench,group_chat_debate,multi_domain_7,run_2,fail,1,2,-0.0,0.0,1.0,1
workbench,group_chat_debate,multi_domain_8,run_0,success,1,2,-0.0,0.0,1.0,1
workbench,group_chat_debate,multi_domain_8,run_1,success,1,2,-0.0,0.0,1.0,1
workbench,group_chat_debate,multi_domain_8,run_2,success,1,1,-0.0,0.0,1.0,1
workbench,group_chat_debate,multi_domain_9,run_1,fail,1,2,-0.0,0.0,1.0,1
workbench,group_chat_debate,multi_domain_9,run_2,fail,1,1,-0.0,0.0,1.0,1
workbench,only_voting,multi_domain_0,run_0,fail,2,3,0.9182958340544896,0.9182958340544896,0.6666666666666666,0
workbench,only_voting,multi_domain_0,run_1,fail,1,3,-0.0,0.0,1.0,1
workbench,only_voting,multi_domain_0,run_2,fail,1,1,-0.0,0.0,1.0,1
workbench,only_voting,multi_domain_1,run_0,fail,2,3,0.9182958340544896,0.9182958340544896,0.6666666666666666,0
workbench,only_voting,multi_domain_1,run_1,fail,1,3,-0.0,0.0,1.0,1
workbench,only_voting,multi_domain_1,run_2,fail,1,2,-0.0,0.0,1.0,1
workbench,only_voting,multi_domain_10,run_0,fail,1,1,-0.0,0.0,1.0,1
workbench,only_voting,multi_domain_10,run_1,fail,1,3,-0.0,0.0,1.0,1
workbench,only_voting,multi_domain_10,run_2,fail,2,3,0.9182958340544896,0.9182958340544896,0.6666666666666666,0
workbench,only_voting,multi_domain_11,run_0,fail,1,2,-0.0,0.0,1.0,1
workbench,only_voting,multi_domain_11,run_1,fail,2,3,0.9182958340544896,0.9182958340544896,0.6666666666666666,0
workbench,only_voting,multi_domain_11,run_2,fail,2,2,1.0,1.0,0.5,0
workbench,only_voting,multi_domain_12,run_0,fail,1,2,-0.0,0.0,1.0,1
workbench,only_voting,multi_domain_12,run_1,fail,2,4,0.8112781244591328,0.8112781244591328,0.75,0
workbench,only_voting,multi_domain_12,run_2,fail,2,3,0.9182958340544896,0.9182958340544896,0.6666666666666666,0
workbench,only_voting,multi_domain_13,run_0,fail,1,3,-0.0,0.0,1.0,1
workbench,only_voting,multi_domain_13,run_1,fail,1,2,-0.0,0.0,1.0,1
workbench,only_voting,multi_domain_13,run_2,fail,2,3,0.9182958340544896,0.9182958340544896,0.6666666666666666,0
workbench,only_voting,multi_domain_14,run_0,fail,2,3,0.9182958340544896,0.9182958340544896,0.6666666666666666,0
workbench,only_voting,multi_domain_14,run_1,fail,1,1,-0.0,0.0,1.0,1
workbench,only_voting,multi_domain_14,run_2,fail,2,2,1.0,1.0,0.5,0
workbench,only_voting,multi_domain_15,run_0,fail,2,4,1.0,1.0,0.5,0
workbench,only_voting,multi_domain_15,run_1,fail,1,3,-0.0,0.0,1.0,1
workbench,only_voting,multi_domain_15,run_2,fail,2,3,0.9182958340544896,0.9182958340544896,0.6666666666666666,0
workbench,only_voting,multi_domain_16,run_0,fail,2,3,0.9182958340544896,0.9182958340544896,0.6666666666666666,0
workbench,only_voting,multi_domain_16,run_1,fail,1,1,-0.0,0.0,1.0,1
workbench,only_voting,multi_domain_16,run_2,fail,2,2,1.0,1.0,0.5,0
workbench,only_voting,multi_domain_17,run_0,fail,1,1,-0.0,0.0,1.0,1
workbench,only_voting,multi_domain_17,run_1,fail,3,3,1.584962500721156,0.9999999999999999,0.3333333333333333,0
workbench,only_voting,multi_domain_17,run_2,fail,2,2,1.0,1.0,0.5,0
workbench,only_voting,multi_domain_18,run_0,fail,3,3,1.584962500721156,0.9999999999999999,0.3333333333333333,0
workbench,only_voting,multi_domain_18,run_1,fail,1,1,-0.0,0.0,1.0,1
workbench,only_voting,multi_domain_18,run_2,fail,2,2,1.0,1.0,0.5,0
workbench,only_voting,multi_domain_19,run_0,fail,2,3,0.9182958340544896,0.9182958340544896,0.6666666666666666,0
workbench,only_voting,multi_domain_19,run_1,fail,2,4,1.0,1.0,0.5,0
workbench,only_voting,multi_domain_19,run_2,fail,1,1,-0.0,0.0,1.0,1
workbench,only_voting,multi_domain_2,run_0,success,1,3,-0.0,0.0,1.0,1
workbench,only_voting,multi_domain_2,run_1,success,1,1,-0.0,0.0,1.0,1
workbench,only_voting,multi_domain_2,run_2,success,2,2,1.0,1.0,0.5,0
workbench,only_voting,multi_domain_20,run_0,fail,2,4,0.8112781244591328,0.8112781244591328,0.75,0
workbench,only_voting,multi_domain_20,run_1,fail,2,4,1.0,1.0,0.5,0
workbench,only_voting,multi_domain_20,run_2,success,1,3,-0.0,0.0,1.0,1
workbench,only_voting,multi_domain_21,run_0,fail,2,3,0.9182958340544896,0.9182958340544896,0.6666666666666666,0
workbench,only_voting,multi_domain_21,run_1,fail,2,4,1.0,1.0,0.5,0
workbench,only_voting,multi_domain_21,run_2,fail,3,3,1.584962500721156,0.9999999999999999,0.3333333333333333,0
workbench,only_voting,multi_domain_22,run_0,fail,1,1,-0.0,0.0,1.0,1
workbench,only_voting,multi_domain_22,run_2,fail,3,4,1.5,0.9463946303571861,0.5,0
workbench,only_voting,multi_domain_23,run_0,fail,2,3,0.9182958340544896,0.9182958340544896,0.6666666666666666,0
workbench,only_voting,multi_domain_23,run_1,fail,1,1,-0.0,0.0,1.0,1
workbench,only_voting,multi_domain_23,run_2,fail,2,2,1.0,1.0,0.5,0
workbench,only_voting,multi_domain_24,run_0,fail,1,1,-0.0,0.0,1.0,1
workbench,only_voting,multi_domain_24,run_1,fail,2,3,0.9182958340544896,0.9182958340544896,0.6666666666666666,0
workbench,only_voting,multi_domain_24,run_2,success,1,1,-0.0,0.0,1.0,1
workbench,only_voting,multi_domain_25,run_0,success,2,3,0.9182958340544896,0.9182958340544896,0.6666666666666666,0
workbench,only_voting,multi_domain_25,run_1,fail,2,2,1.0,1.0,0.5,0
workbench,only_voting,multi_domain_25,run_2,fail,1,3,-0.0,0.0,1.0,1
workbench,only_voting,multi_domain_26,run_0,fail,2,3,0.9182958340544896,0.9182958340544896,0.6666666666666666,0
workbench,only_voting,multi_domain_26,run_1,fail,1,1,-0.0,0.0,1.0,1
workbench,only_voting,multi_domain_26,run_2,fail,1,3,-0.0,0.0,1.0,1
workbench,only_voting,multi_domain_27,run_0,fail,1,2,-0.0,0.0,1.0,1
workbench,only_voting,multi_domain_27,run_1,fail,3,4,1.5,0.9463946303571861,0.5,0
workbench,only_voting,multi_domain_27,run_2,fail,1,2,-0.0,0.0,1.0,1
workbench,only_voting,multi_domain_28,run_0,fail,1,1,-0.0,0.0,1.0,1
workbench,only_voting,multi_domain_28,run_1,success,1,1,-0.0,0.0,1.0,1
workbench,only_voting,multi_domain_28,run_2,fail,1,2,-0.0,0.0,1.0,1
workbench,only_voting,multi_domain_29,run_0,success,1,2,-0.0,0.0,1.0,1
workbench,only_voting,multi_domain_29,run_1,success,1,2,-0.0,0.0,1.0,1
workbench,only_voting,multi_domain_29,run_2,success,2,3,0.9182958340544896,0.9182958340544896,0.6666666666666666,0
workbench,only_voting,multi_domain_3,run_0,fail,1,3,-0.0,0.0,1.0,1
workbench,only_voting,multi_domain_3,run_1,fail,1,1,-0.0,0.0,1.0,1
workbench,only_voting,multi_domain_3,run_2,fail,1,1,-0.0,0.0,1.0,1
workbench,only_voting,multi_domain_4,run_0,success,1,1,-0.0,0.0,1.0,1
workbench,only_voting,multi_domain_4,run_1,success,1,1,-0.0,0.0,1.0,1
workbench,only_voting,multi_domain_4,run_2,success,2,4,0.8112781244591328,0.8112781244591328,0.75,0
workbench,only_voting,multi_domain_5,run_0,success,2,2,1.0,1.0,0.5,0
workbench,only_voting,multi_domain_5,run_1,success,1,3,-0.0,0.0,1.0,1
workbench,only_voting,multi_domain_5,run_2,success,2,3,0.9182958340544896,0.9182958340544896,0.6666666666666666,0
workbench,only_voting,multi_domain_6,run_0,fail,1,2,-0.0,0.0,1.0,1
workbench,only_voting,multi_domain_6,run_1,fail,1,3,-0.0,0.0,1.0,1
workbench,only_voting,multi_domain_6,run_2,fail,1,3,-0.0,0.0,1.0,1
workbench,only_voting,multi_domain_7,run_0,fail,1,3,-0.0,0.0,1.0,1
workbench,only_voting,multi_domain_7,run_1,fail,1,3,-0.0,0.0,1.0,1
workbench,only_voting,multi_domain_7,run_2,fail,1,1,-0.0,0.0,1.0,1
workbench,only_voting,multi_domain_8,run_0,success,2,2,1.0,1.0,0.5,0
workbench,only_voting,multi_domain_8,run_1,success,1,1,-0.0,0.0,1.0,1
workbench,only_voting,multi_domain_8,run_2,success,2,3,0.9182958340544896,0.9182958340544896,0.6666666666666666,0
workbench,only_voting,multi_domain_9,run_0,fail,2,3,0.9182958340544896,0.9182958340544896,0.6666666666666666,0
workbench,only_voting,multi_domain_9,run_1,fail,3,3,1.584962500721156,0.9999999999999999,0.3333333333333333,0
workbench,only_voting,multi_domain_9,run_2,fail,1,2,-0.0,0.0,1.0,1
