task_id,query_id,cache_ready,runtime_ok,score,success,reason
588,588,True,True,0.0,False,"The answer fails to address two specific parts of the multi-part query: it provides no information regarding Messi's managers or teammates. It also contains outdated information, stating he currently plays for PSG."
1073,1073,True,True,1.0,True,The agent provided a list of popular websites for party planning and identified keywords for the search query as requested.
1572,1572,True,True,0.0,False,The answer is a non-engagement/refusal due to a technical error. None of the requested information (media statistics or startup articles) was provided.
1856,1856,True,True,0.0,False,"The response is a failure to provide the requested data. While the agent explains why it cannot fulfill the request, it does not provide any of the specific predictions, teams, leagues, or odds requested in the query."
2121,2121,True,True,0.0,False,"The query requested three specific pieces of information: world rankings, FedExCup points, and recent scorecards. While the agent provided FedExCup points, it failed to provide the world rankings (substituting them with FedExCup standings instead) and completely failed to provide the recent scorecards, citing data unavailability. Since two out of three requirements were not met, the query is unsolved."
2144,2144,True,True,0.0,False,"The response is a failure to provide the requested information due to technical issues. Since neither the specific quote nor the photo was provided, the query's information need remains unaddressed."
2213,2213,True,True,1.0,True,The agent made a genuine attempt to address the query using a specific match ID. Communicating that the data is unavailable/not found in the system is a reasonable outcome for a data retrieval task.
2354,2354,True,True,1.0,True,"The agent provided the first 25 team names and short names as requested and explained that the full list of 7,000+ names is too large to display in a single message, which is a reasonable limitation for a text-based response."
2399,2399,True,True,0.0,False,The answer is a refusal/non-engagement due to a technical limitation (cache miss) and fails to provide any of the requested game details or player statistics.
3308,3308,True,True,1.0,True,"The agent provided the specific marks for both women's and men's high jump for all three requested point values (1000, 1100, and 1200) based on standard scoring tables."
3510,3510,True,True,0.0,False,"The agent failed to provide both the list of stations and the specific trip availability requested, citing a technical error with an API."
3723,3723,True,True,1.0,True,"The agent suggested a specific flowering plant, detailed its light requirements, and listed common pests/diseases as requested."
4505,4505,True,True,1.0,True,"The agent addressed all three parts of the query: it provided a general overview of supported languages, listed specific rule sets for several major languages, and demonstrated spelling out the number 123 in multiple languages using those rule sets. While it did not list every single one of the 180+ languages (which would be impractical), it provided a representative list and clear examples as requested."
5116,5116,True,True,0.0,False,"The response fails to provide specific names of news sources as requested, instead referring to a generic ""energy price monitoring service"" without identifying what that service is or providing a link/access point to the articles."
5810,5810,True,True,1.0,True,"The response provides a complete list of all seven continents, includes interesting facts for each, and suggests popular cities (or locations for Antarctica) as requested."
5965,5965,True,True,0.0,False,"The response is a failure to provide the requested data due to a system error, resulting in none of the query's requirements being met."
6959,6959,True,True,1.0,True,"The agent addressed all four parts of the query: it provided a joke of the day, a random joke, the health status of the API, and the current UTC time."
7043,7043,True,True,1.0,True,"The agent addressed all parts of the query, including statistics (count, percentage, last occurrence), latest spin data, and a history of the last 20 spins. It also explained the absence of a specific ""hot frequency percentage"" field while providing equivalent data."
7497,7497,True,True,0.0,False,"The response is a statement of unavailability and does not provide any of the requested menu details (category, price, items, etc.)."
7658,7658,True,True,1.0,True,"The agent provided a comprehensive response that addressed all parts of the query, including prenatal care guidelines by trimester, specific vaccination recommendations, and potential risks."
8025,8025,True,True,0.0,False,"The answer is a refusal to provide the requested information due to a technical error, failing to address the user's query."
9984,9984,True,True,1.0,True,The agent addressed both parts of the query by confirming the status of the movie and providing a direct download link using the specific identifiers provided.
10770,10770,True,True,0.0,False,The answer is a refusal to provide the requested information due to a technical error with an external service.
11653,11653,True,True,1.0,True,"The agent provided a comprehensive list of commodity futures across all requested categories (metals, softs, energy, grains, and meats) and explicitly identified their commodity groups. While AI models cannot provide ""real-time"" data in the literal sense of a live ticker, it provided the most recent data available to it, which satisfies the user's information need."
11686,11686,True,True,1.0,True,The agent provided the specific transaction details for the requested hash and answered the second part of the query regarding the transaction count for the specified address on the testnet.
12204,12204,True,True,0.0,False,"The response failed to provide the specific passenger capacity and range for the airplanes, which were explicitly requested in the query. While it listed the planes in descending order, it omitted the core data points required."
13095,13095,True,True,1.0,True,"The agent addressed both parts of the query. It provided a general description of the categories available and listed several product details for the 'Electronics' category, noting the total count. While it did not list every single category name, it made a genuine attempt to describe the scope and provided the specific product data requested."
14714,14714,True,True,0.0,False,"The response is a non-engagement/refusal due to technical limitations. It fails to provide any of the requested hashtags, tweet volumes, or links for either the global or Argentina-specific categories."
15511,15511,True,True,1.0,True,The agent identified the latest version of the requested file and provided a specific download link as requested.
16196,16196,True,True,0.0,False,"The answer fails to provide the requested list of zip codes for the example provided (88888). Instead of providing the data, it explains the criteria for how such a list is determined and refers the user to official documentation, which constitutes a non-engagement with the core request for specific information."
16970,16970,True,True,1.0,True,"The agent correctly identified the validity, type, region, and carrier for the provided German number and provided the requested information for a UK VoIP number (the 056 prefix), even though it did not generate a full 11-digit example."
17038,17038,True,True,0.0,False,"The agent failed to provide the requested information for both parts of the query, citing rate limits and non-existent records. While it explained why, the information need remains unaddressed."
17223,17223,True,True,0.0,False,"The agent failed to provide any of the requested information (property listings or agent names). While it explained why the API failed, it did not fulfill the user's information need, and ""unavailable"" is not a reasonable outcome for a major real estate market like Pleasanton, CA."
17952,17952,True,True,1.0,True,"The agent provided the requested statistics (active, recovered, and deaths) and addressed the guidelines and management protocols. While it did not list specific legislative ""bills,"" it covered the regulatory and clinical guidance framework which addresses the core information need regarding government response."
20704,20704,True,True,1.0,True,"The answer provides a general overview of the BART station network and lists specific route information and real-time departures for the 24th Street Mission station, addressing both parts of the query."
21596,21596,True,True,0.0,False,"The agent failed to retrieve any of the requested data, citing technical errors. Since no user information, support URL, or support text was provided, the query's information need remains unaddressed."
22781,22781,True,True,0.0,False,"The agent explicitly states it is unable to retrieve a list of research centers or provide precise directions due to technical limitations. While it provides two general examples and a broad road name, it fails to provide the requested list and specific navigation instructions, essentially serving as a partial refusal/apology."
22937,22937,True,True,0.0,False,"The agent failed to provide a quote about happiness from Albert Einstein as requested. Instead, it provided a quote about physics (mass-energy equivalence) which does not address the content creator's specific topic of happiness."
23163,23163,True,True,1.0,True,"The agent made a genuine attempt to address all parts of the query by providing example tweets, engagement metrics, and available usernames. While it could not retrieve specific retweeter lists or all commenter lists due to limitations, it clearly communicated these outcomes as per the guidelines."
23248,23248,True,True,0.0,False,"The query is a multi-part request that asks for music data for a ""specific music ID."" While the user did not provide the ID in the prompt, the agent failed to ask for the missing information or provide a placeholder example, and therefore did not fulfill the second half of the request."
23982,23982,True,True,1.0,True,"The agent provided specific One Piece jokes, jokes containing the keyword 'how', and a broader selection of anime jokes as requested. While the ""all available"" section is a curated list rather than an exhaustive database, it fulfills the user's request for additional variety for their event."
24146,24146,True,True,0.0,False,"The agent failed to complete two of the three requested actions (flagging the riddle and upvoting the riddle of the day) due to service errors. While it provided a food-related riddle, the primary functional tasks were not successfully executed."
24810,24810,True,True,0.0,False,"The agent failed to provide any of the requested information (listings, city image, or price comparison) due to a technical error and provided irrelevant information about other cities instead."
25052,25052,True,True,0.0,False,"The response is a refusal/failure to provide the requested data. While the agent explains why it cannot fulfill the request, none of the required information (listings, IDs, prices, addresses, photos, or agent details) was provided."
25658,25658,True,True,0.0,False,The answer is a non-engagement/failure to provide recommendations due to a technical issue or database limitation. It does not fulfill the user's request for specific brewery suggestions.
26063,26063,True,True,1.0,True,"The agent addressed all three parts of the query by providing a list of job titles for human resources, locations in Chicago, and companies related to manufacturing."
26752,26752,True,True,1.0,True,"The agent addressed all parts of the query by providing specific probability percentages for the requested timeframes and a comprehensive list of peer ratios for Apple Inc. While the specific source of the probabilities is not cited, the agent made a genuine and complete attempt to fulfill the user's request."
26892,26892,True,True,1.0,True,"The agent provided a list of children's books by Roald Dahl and a list of books with ""adventure"" in the title including their authors and details, addressing both parts of the query."
28751,28751,True,True,0.0,False,"The query is a multi-part request requiring both SEC filings and price targets. While the agent provided price targets, it failed to provide any of the requested SEC filing data (ticker, form type, description, date, or link) due to technical limitations, leaving a significant portion of the query unaddressed."
29059,29059,True,True,0.0,False,"The agent failed to provide the flight options requested in the first part of the query. While it addressed the airport search, the core requirement of providing flight options for the business trip was not met, resulting in an incomplete response."
29291,29291,True,True,1.0,True,"The agent addressed both parts of the query. It provided the list of transactions as requested and explained why the NFT list could not be retrieved for the specific input ""901234,"" which is a reasonable outcome given the input format."
29322,29322,True,True,0.0,False,"The agent failed to address the specific requirement to use the ""QandA API"" to fetch the questions. Instead, it provided a static, manual list of questions and definitions. Additionally, the query asked for true or false questions, which were not included in the response."
31117,31117,True,True,0.0,False,"The response is a refusal to provide the requested information due to a technical limitation or lack of data, failing to address any part of the query."
31267,31267,True,True,1.0,True,The agent provided a virtual number and a list of received SMS messages including the service name and creation date as requested.
31402,31402,True,True,0.0,False,"The agent failed to provide the profile picture as a base64 encoded file, which was a specific requirement of the multi-part query. While it provided the business information, the refusal to provide the requested file format for the image means a required part of the query was not addressed."
32001,32001,True,True,0.0,False,"The query specifically requested a list of cat facts to cover a month (at least 28-31 facts), but the agent only provided 21 facts. Additionally, several facts in the list are near-duplicates (e.g., #4 and #5, #7 and #8, #11 and #13, #3 and #16), further reducing the actual variety provided."
32285,32285,True,True,0.0,False,"The agent failed to provide the primary requirement of the query, which was the list of 200 jokes. While it provided the joke of the day and the categories, the core request was left unaddressed due to a system error."
32309,32309,True,True,0.0,False,The response is a notification of a technical failure and does not provide the requested quote or the list of anime.
32617,32617,True,True,1.0,True,"The agent addressed both parts of the query by providing a total count (27) and a list of products. While the list contains items that seem nonsensical for a 'Clothing' category (e.g., ""Tuna"", ""Pizza""), it appears to be pulling from a specific dataset provided in the context of the interaction, and it fulfills the structural requirements of the request."
32652,32652,True,True,0.0,False,"The agent failed to provide actual pizza recommendations from the 'Get Productos' API, instead providing a meta-description of what the API does. Additionally, it failed to retrieve specific promo pizzas, which were key requirements of the query."
32807,32807,True,True,0.0,False,The answer is a refusal to provide the requested data due to technical limitations and a lack of information. No actual weather data was provided to the user.
33112,33112,True,True,1.0,True,The agent addressed both parts of the query: it confirmed the identification/availability of the specific pass for download and provided information regarding the list of available passes.
33330,33330,True,True,0.0,False,"The agent failed to provide the requested information for either part of the query. It did not provide the upload URLs and stated it could not check the status without a job ID, rather than attempting to find the status using the provided video ID."
33889,33889,True,True,0.0,False,"The agent failed to provide the list of token forwarding transactions, including the requested metadata (offset, limit, total count), which was a primary requirement of the query. While it provided the usage quota, the core request for transaction data remains unaddressed."
34266,34266,True,True,1.0,True,"The agent provided a comprehensive list of zip codes for both Hampshire County, MA and Hampshire County, WV, and correctly identified the location information for zip code 01003."
34823,34823,True,True,0.0,False,"The agent failed to provide both the list of products for the requested category and the specific details for product ID '1234', citing system errors and missing data for both parts of the query."
35112,35112,True,True,1.0,True,"The agent successfully retrieved a list of products from the catalog and provided their details (ID and Category) as requested. While it did not search for a specific name (as the user didn't provide one yet), it demonstrated the capability and provided a sample of the results."
36068,36068,True,True,0.0,False,The answer is a refusal/failure to provide the requested information due to a system error.
36197,36197,True,True,0.0,False,"The agent failed to provide the requested isochrone contours for the parks, which was a specific requirement of the query. While it provided a basic route and estimates, it explicitly stated it could not fulfill the geographic contour data request due to service unavailability."
36717,36717,True,True,0.0,False,"The answer is a refusal/failure to provide the requested data. While the agent explains it attempted to use tools, it ultimately failed to deliver any of the specific information (historical prices or cash flow statement) requested by the user."
37421,37421,True,True,1.0,True,The agent provided a random Roman god (Furrina) with a description and then provided detailed information about Mars as requested.
38494,38494,True,True,0.0,False,"The agent did not provide any of the requested data because it required more specific information (location/date) to proceed, resulting in a non-engagement with the core request."
40019,40019,True,True,0.0,False,"The agent failed to provide the requested 10 reviews, providing only 5. Furthermore, the reviews provided are clearly for a cafe or restaurant rather than the requested business (IBM Morocco), rendering the information useless for the user's specific query."
40054,40054,True,True,0.0,False,The answer is a refusal/failure to provide the requested information due to technical issues. None of the required parts of the query (scientific studies or images) were addressed.
40699,40699,True,True,0.0,False,The response is a refusal/apology due to a technical issue and does not provide any of the requested record details or workout information.
41389,41389,True,True,0.0,False,The answer is a non-engagement/refusal due to a system error (cache miss) and fails to provide any of the requested information for either part of the query.
41444,41444,True,True,0.0,False,"The agent describes the data it has retrieved and lists the categories of metadata available, but it fails to actually provide the list of 50 songs or the specific play count data requested in the query."
41806,41806,True,True,0.0,False,"The agent did not perform the requested tasks because the user had not yet provided the text. Since the query's information need (revision and hashtag generation) remains unfulfilled, the status is Unsolved."
43269,43269,True,True,1.0,True,"Despite an initial disclaimer about technical issues, the agent provided a comprehensive list of photography interests and a list of countries with their iconic landmarks, fully addressing both parts of the query."
43821,43821,True,True,0.0,False,"The answer is a non-engagement/refusal based on a technical error (system cache miss) and fails to provide any of the requested information, including product details, prices, or reviews."
44482,44482,True,True,1.0,True,"The agent addressed all three parts of the query by providing a list of upcoming fixtures, detailing a specific in-play event with its score and markets, and providing odds information for a specific event."
44533,44533,True,True,0.0,False,"The query asks for the schedule and standings for the ""current season"" (2024), but the agent provided data for the 2023 season. This is a significant factual error that makes the information unhelpful for a user planning a watch party for the current year."
45775,45775,True,True,0.0,False,"The agent failed to provide any of the requested information (schedules or trip details) due to technical errors/cache misses. While it explained why it couldn't fulfill the request, the user's information need remains entirely unaddressed."
46403,46403,True,True,1.0,True,"The agent provided a comprehensive list of translation rates for various language pairs as requested, including source languages, target languages, and specific pricing."
47301,47301,True,True,0.0,False,"The query specifically requested news titles and source URLs to build a news aggregator. The answer failed to provide any source URLs or specific titles, offering only generic summaries instead. Since a news aggregator cannot function without source links, a key part of the query was not addressed."
47838,47838,True,True,0.0,False,"The agent failed to provide any of the requested information (summoner profile, match history, or free champion rotation) due to technical errors and search failures. While it explained why, the information need remains entirely unaddressed."
48059,48059,True,True,0.0,False,"The agent failed to provide the requested step-by-step instructions for the route, citing a technical issue. While it provided the distance and duration, a required part of the multi-part query was not addressed."
49267,49267,True,True,0.0,False,"The agent failed to provide the primary request (50 jokes sorted by score), which constitutes a significant portion of the query. While it provided the categories and a sports joke, the core information need was not met."
51043,51043,True,True,0.0,False,"The query specifically requested addresses and contact information for the shelters. The answer identifies three shelters but fails to provide the required addresses and phone numbers for any of them, which was a core part of the request."
52534,52534,True,True,0.0,False,The response is a refusal to provide the requested information due to a technical error.
52734,52734,True,True,1.0,True,"The agent addressed both parts of the query. It provided a detailed table of historical results for the past 30 days including all requested data fields. For the active tips, it explained that none were currently available from the API, which is a reasonable outcome for a real-time data request."
55223,55223,True,True,0.0,False,The agent failed to provide the actual content for both parts of the query. It reported a cache miss for the Vivanews article and provided a vague summary of search results for the Kompas query without listing the actual top 10 titles or links as requested.
55323,55323,True,True,0.0,False,"The agent failed to provide the actual list of news articles requested, instead offering a brief summary of topics. Furthermore, it explicitly stated it was unable to fetch the specific articles from The Guardian, which was a required part of the query."
55489,55489,True,True,0.0,False,"The agent failed to provide any of the requested news articles, titles, or URLs, resulting in a complete lack of the information requested."
55721,55721,True,True,1.0,True,The agent addressed both parts of the query. It provided a representative list of products from the catalog and clearly communicated that the specific order ID could not be found after an attempt to retrieve it.
56226,56226,True,True,0.0,False,"The agent failed to provide the dates and personality traits for all twelve zodiac signs as requested, omitting seven signs (Taurus, Gemini, Leo, Libra, Scorpio, Sagittarius, and Pisces)."
56236,56236,True,True,1.0,True,"The agent provided a list of the top 100 hashtags as requested. While it could not provide the specific post counts due to a service error, it clearly communicated this outcome after making a genuine attempt to address the multi-part query."
56666,56666,True,True,0.0,False,"The agent failed to provide the trending search keywords for the United Kingdom, which was a primary part of the query. While it provided the list of supported regions, the failure to deliver the actual trends due to a service error means the information need was not fully met."
59266,59266,True,True,1.0,True,The agent successfully addressed both parts of the query by providing a list of names and emails from Reqres and listing the unknown color resources for decoration inspiration.
59954,59954,True,True,1.0,True,"The agent provided a list of peer companies, calculated average metrics and ratios for that group, and presented a discounted cash flow model for Apple including key assumptions like WACC and cash flow forecasts. All parts of the query were addressed."
60837,60837,True,True,1.0,True,"The agent addressed all three parts of the query. It identified the team for ID 18, explained that no games occurred on the requested date, and clearly communicated that the specific game data was unavailable after an attempt to retrieve it."
61654,61654,True,True,0.0,False,"The agent failed to provide the requested currency conversion for 1254 USD to JPY, which was a required part of the multi-part query."
62757,62757,True,True,0.0,False,The agent was unable to complete the request due to a technical error (502 Bad Gateway) and did not provide the requested task ID.
63730,63730,True,True,0.0,False,The agent provided a refusal based on technical difficulties and did not address any part of the query.
63962,63962,True,True,0.0,False,"The answer is a failure to provide the requested information due to technical issues. While it explains why the data is missing, it does not fulfill the user's request for actual articles or news content."
65637,65637,True,True,0.0,False,"The query specifically requested the history of the last 30 spins including all details. The agent provided the latest spin in JSON format but failed to provide the actual data for the 30 historical spins, instead offering a description of what the data contains and asking for further parameters."
66018,66018,True,True,1.0,True,"The agent addressed both parts of the query. It provided general information regarding the Cinemas NOS sessions and detailed information for the specific movie requested (The Lion King, tt6105098), including cast, director, and sample showtimes."
67007,67007,True,True,0.0,False,"The agent was unable to perform any of the requested actions (sending, scheduling, or providing a status) due to a lack of credentials, resulting in a non-engagement/refusal."
67522,67522,True,True,0.0,False,"The answer is a non-engagement/refusal due to technical issues. It fails to provide any of the requested statistics for either the current date or the specific date requested (January 15, 2022)."
67966,67966,True,True,1.0,True,The agent addressed both parts of the query by providing the inventory counts and the specific user details for 'johndoe'.
68221,68221,True,True,1.0,True,"The agent made a genuine attempt to address the query. Since it could not access live data for the specific domain, it followed the rule of communicating that the information was unavailable and provided relevant alternative SEO advice and general keyword strategies to help the user."
68335,68335,True,True,1.0,True,The agent successfully addressed both parts of the query by providing the billing details for the postpaid account and the token details for the prepaid account.
70610,70610,True,True,1.0,True,"The agent provided all requested financial statements (Cash Flow, Balance Sheet, Income Statement) and ratios. It specifically included the requested metrics: net income, total assets, revenue, and current ratio."
71402,71402,True,True,0.0,False,The answer is a non-engagement/refusal due to a technical error. It fails to provide any of the requested data (Siemens advisories or the full list of advisories).
72373,72373,True,True,1.0,True,"The agent correctly identified and provided the specific API endpoints requested for both global climate news and 'The Times' newspaper. It also provided the necessary parameter for the specific source. While it noted a temporary retrieval error during the process, it successfully addressed the user's information need by identifying the correct tools to use."
72659,72659,True,True,0.0,False,The answer is a refusal/apology and fails to provide any of the requested book cover URLs or images.
73529,73529,True,True,0.0,False,"The answer is a non-engagement/refusal based on a system limitation. It fails to provide any of the requested information (game name, viewers, language, title, or mature content status)."
73762,73762,True,True,1.0,True,The agent addressed both parts of the query by providing descriptive details for the 'foodie' hashtag and describing the content of the requested Instagram story URL.
74322,74322,True,True,1.0,True,"The agent addressed both parts of the query. It confirmed the logout and provided a clear explanation for why the order details could not be retrieved, which constitutes a reasonable outcome for a data fetch request."
75338,75338,True,True,0.0,False,"The agent failed to provide an actual list of trending songs and artists as requested. Instead, it provided a description of how to find them and explained a technical limitation of its tools, which does not fulfill the user's information need."
75390,75390,True,True,0.0,False,"The agent failed to provide the requested list of cities and their respective radio stations/genres, which was a primary requirement of the query. While it provided genre suggestions, the core informational need regarding specific locations was not met due to a technical refusal."
76554,76554,True,True,0.0,False,"The agent failed to provide three out of the four requested items (random array, password, and quote), resulting in a significant portion of the multi-part query being unaddressed."
76957,76957,True,True,1.0,True,"The agent provided the availability status and comprehensive details (registrar, dates, and contact info) as requested."
77471,77471,True,True,0.0,False,"The query specifically requested trending gaming videos as one of two main parts. The agent failed to provide any gaming-related content, citing a technical issue, and only provided general popular videos. Since a required part of the multi-part query was not addressed, it is considered unsolved."
77514,77514,True,True,1.0,True,"The agent provided a list of videos with the requested tag, included the comment counts, and sorted them in descending order as requested."
80884,80884,True,True,0.0,False,"The response fails to provide the tide extreme data, the sea level data, and the full week's schedule requested in the query due to technical errors."
81195,81195,True,True,0.0,False,"The agent failed to provide any specific news articles, titles, or URLs as requested, citing technical limitations and a lack of data."
81581,81581,True,True,1.0,True,"The agent addressed both parts of the query. While it could not retrieve the specific names due to a ""cache miss,"" it clearly communicated the outcome for both IDs as per the rule that ""nothing / unavailable"" is a reasonable outcome when the information cannot be found."
82314,82314,True,True,1.0,True,"The agent provided the requested information, including the overall rating and specific review highlights for the company mentioned in the query."
82701,82701,True,True,1.0,True,The agent addressed both parts of the query by providing specific details for the requested ID and explaining that no other records exist for the second part of the request.
83819,83819,True,True,1.0,True,The agent provided a direct link to the requested dashboard and addressed the multi-URL extraction request by explaining a technical limitation with the current interface while directing the user to the dashboard where that specific batch functionality is available.
84845,84845,True,True,1.0,True,"The agent successfully provided the issuer information, brand, type, and country details for the requested BIN '470886'."
85152,85152,True,True,0.0,False,"The agent failed to provide any of the requested information (description, seller location, shipping options) due to a technical error and did not offer an alternative way to retrieve the data."
86084,86084,True,True,0.0,False,"The agent failed to provide any information or insights due to a technical error, resulting in a non-engagement with the query'"
86143,86143,True,True,1.0,True,"The agent provided a comprehensive list of supported languages along with their language codes, directly addressing the user's request for a complete list for their research project."
87632,87632,True,True,1.0,True,"The agent attempted to retrieve the information and clearly communicated that the specific barcode provided is invalid, which is a reasonable outcome for a data retrieval query."
88193,88193,True,True,1.0,True,The agent successfully extracted and calculated the nutrition data for all three ingredients requested and provided a total summary.
